country_iso3	country_name	comparison_pre_epoch_id	comparison_post_epoch_id	sensitivity_model	delta_shift_applied_to_missing_probability	pre_missing_odds_multiplier	post_missing_odds_multiplier	odds_multiplier_log2_distance	pre_observed_interpretable_prevalence	post_observed_interpretable_prevalence	pre_continuity_corrected_reference_prevalence	post_continuity_corrected_reference_prevalence	pre_missing_probability_assumed	post_missing_probability_assumed	pre_adjusted_total_prevalence	post_adjusted_total_prevalence	baseline_delta_interpretable_only	adjusted_delta_total	baseline_sign	adjusted_sign	sign_changed	full_reversal
AUS	Australia	aus_wp_only	aus_ap_with_prn	additive_probability_offset	-1.0				0.6153846153846154	0.32	0.6071428571428571	0.3269230769230769	0.0	0.0	0.5	0.21052631578947367	-0.2953846153846154	-0.2894736842105263	decrease	decrease	False	False
AUS	Australia	aus_wp_only	aus_ap_with_prn	additive_probability_offset	-0.95				0.6153846153846154	0.32	0.6071428571428571	0.3269230769230769	0.0	0.0	0.5	0.21052631578947367	-0.2953846153846154	-0.2894736842105263	decrease	decrease	False	False
AUS	Australia	aus_wp_only	aus_ap_with_prn	additive_probability_offset	-0.9				0.6153846153846154	0.32	0.6071428571428571	0.3269230769230769	0.0	0.0	0.5	0.21052631578947367	-0.2953846153846154	-0.2894736842105263	decrease	decrease	False	False
AUS	Australia	aus_wp_only	aus_ap_with_prn	additive_probability_offset	-0.85				0.6153846153846154	0.32	0.6071428571428571	0.3269230769230769	0.0	0.0	0.5	0.21052631578947367	-0.2953846153846154	-0.2894736842105263	decrease	decrease	False	False
AUS	Australia	aus_wp_only	aus_ap_with_prn	additive_probability_offset	-0.8				0.6153846153846154	0.32	0.6071428571428571	0.3269230769230769	0.0	0.0	0.5	0.21052631578947367	-0.2953846153846154	-0.2894736842105263	decrease	decrease	False	False
AUS	Australia	aus_wp_only	aus_ap_with_prn	additive_probability_offset	-0.75				0.6153846153846154	0.32	0.6071428571428571	0.3269230769230769	0.0	0.0	0.5	0.21052631578947367	-0.2953846153846154	-0.2894736842105263	decrease	decrease	False	False
AUS	Australia	aus_wp_only	aus_ap_with_prn	additive_probability_offset	-0.7				0.6153846153846154	0.32	0.6071428571428571	0.3269230769230769	0.0	0.0	0.5	0.21052631578947367	-0.2953846153846154	-0.2894736842105263	decrease	decrease	False	False
AUS	Australia	aus_wp_only	aus_ap_with_prn	additive_probability_offset	-0.65				0.6153846153846154	0.32	0.6071428571428571	0.3269230769230769	0.0	0.0	0.5	0.21052631578947367	-0.2953846153846154	-0.2894736842105263	decrease	decrease	False	False
AUS	Australia	aus_wp_only	aus_ap_with_prn	additive_probability_offset	-0.6				0.6153846153846154	0.32	0.6071428571428571	0.3269230769230769	0.015384615384615441	0.0	0.5028846153846154	0.21052631578947367	-0.2953846153846154	-0.2923582995951417	decrease	decrease	False	False
AUS	Australia	aus_wp_only	aus_ap_with_prn	additive_probability_offset	-0.55				0.6153846153846154	0.32	0.6071428571428571	0.3269230769230769	0.06538461538461537	0.0	0.5122596153846154	0.21052631578947367	-0.2953846153846154	-0.3017332995951417	decrease	decrease	False	False
AUS	Australia	aus_wp_only	aus_ap_with_prn	additive_probability_offset	-0.5				0.6153846153846154	0.32	0.6071428571428571	0.3269230769230769	0.11538461538461542	0.0	0.5216346153846154	0.21052631578947367	-0.2953846153846154	-0.31110829959514175	decrease	decrease	False	False
AUS	Australia	aus_wp_only	aus_ap_with_prn	additive_probability_offset	-0.45				0.6153846153846154	0.32	0.6071428571428571	0.3269230769230769	0.1653846153846154	0.0	0.5310096153846154	0.21052631578947367	-0.2953846153846154	-0.32048329959514177	decrease	decrease	False	False
AUS	Australia	aus_wp_only	aus_ap_with_prn	additive_probability_offset	-0.4				0.6153846153846154	0.32	0.6071428571428571	0.3269230769230769	0.2153846153846154	0.0	0.5403846153846154	0.21052631578947367	-0.2953846153846154	-0.3298582995951417	decrease	decrease	False	False
AUS	Australia	aus_wp_only	aus_ap_with_prn	additive_probability_offset	-0.35				0.6153846153846154	0.32	0.6071428571428571	0.3269230769230769	0.26538461538461544	0.0	0.5497596153846154	0.21052631578947367	-0.2953846153846154	-0.3392332995951417	decrease	decrease	False	False
AUS	Australia	aus_wp_only	aus_ap_with_prn	additive_probability_offset	-0.3				0.6153846153846154	0.32	0.6071428571428571	0.3269230769230769	0.31538461538461543	0.020000000000000018	0.5591346153846154	0.21736842105263157	-0.2953846153846154	-0.34176619433198385	decrease	decrease	False	False
AUS	Australia	aus_wp_only	aus_ap_with_prn	additive_probability_offset	-0.25				0.6153846153846154	0.32	0.6071428571428571	0.3269230769230769	0.3653846153846154	0.07	0.5685096153846154	0.2344736842105263	-0.2953846153846154	-0.33403593117408914	decrease	decrease	False	False
AUS	Australia	aus_wp_only	aus_ap_with_prn	additive_probability_offset	-0.2				0.6153846153846154	0.32	0.6071428571428571	0.3269230769230769	0.4153846153846154	0.12	0.5778846153846153	0.25157894736842107	-0.2953846153846154	-0.32630566801619426	decrease	decrease	False	False
AUS	Australia	aus_wp_only	aus_ap_with_prn	additive_probability_offset	-0.15				0.6153846153846154	0.32	0.6071428571428571	0.3269230769230769	0.4653846153846154	0.17	0.5872596153846154	0.2686842105263158	-0.2953846153846154	-0.31857540485829955	decrease	decrease	False	False
AUS	Australia	aus_wp_only	aus_ap_with_prn	additive_probability_offset	-0.1				0.6153846153846154	0.32	0.6071428571428571	0.3269230769230769	0.5153846153846154	0.22	0.5966346153846154	0.28578947368421054	-0.2953846153846154	-0.31084514170040484	decrease	decrease	False	False
AUS	Australia	aus_wp_only	aus_ap_with_prn	additive_probability_offset	-0.05				0.6153846153846154	0.32	0.6071428571428571	0.3269230769230769	0.5653846153846154	0.27	0.6060096153846154	0.30289473684210527	-0.2953846153846154	-0.3031148785425101	decrease	decrease	False	False
AUS	Australia	aus_wp_only	aus_ap_with_prn	additive_probability_offset	0.0				0.6153846153846154	0.32	0.6071428571428571	0.3269230769230769	0.6153846153846154	0.32	0.6153846153846154	0.32	-0.2953846153846154	-0.2953846153846154	decrease	decrease	False	False
AUS	Australia	aus_wp_only	aus_ap_with_prn	additive_probability_offset	0.05				0.6153846153846154	0.32	0.6071428571428571	0.3269230769230769	0.6653846153846155	0.37	0.6247596153846154	0.3371052631578947	-0.2953846153846154	-0.28765435222672076	decrease	decrease	False	False
AUS	Australia	aus_wp_only	aus_ap_with_prn	additive_probability_offset	0.1				0.6153846153846154	0.32	0.6071428571428571	0.3269230769230769	0.7153846153846154	0.42000000000000004	0.6341346153846154	0.3542105263157895	-0.2953846153846154	-0.2799240890688259	decrease	decrease	False	False
AUS	Australia	aus_wp_only	aus_ap_with_prn	additive_probability_offset	0.15				0.6153846153846154	0.32	0.6071428571428571	0.3269230769230769	0.7653846153846154	0.47	0.6435096153846154	0.3713157894736842	-0.2953846153846154	-0.27219382591093116	decrease	decrease	False	False
AUS	Australia	aus_wp_only	aus_ap_with_prn	additive_probability_offset	0.2				0.6153846153846154	0.32	0.6071428571428571	0.3269230769230769	0.8153846153846154	0.52	0.6528846153846154	0.38842105263157894	-0.2953846153846154	-0.26446356275303645	decrease	decrease	False	False
AUS	Australia	aus_wp_only	aus_ap_with_prn	additive_probability_offset	0.25				0.6153846153846154	0.32	0.6071428571428571	0.3269230769230769	0.8653846153846154	0.5700000000000001	0.6622596153846154	0.4055263157894737	-0.2953846153846154	-0.25673329959514174	decrease	decrease	False	False
AUS	Australia	aus_wp_only	aus_ap_with_prn	additive_probability_offset	0.3				0.6153846153846154	0.32	0.6071428571428571	0.3269230769230769	0.9153846153846155	0.62	0.6716346153846153	0.42263157894736847	-0.2953846153846154	-0.24900303643724686	decrease	decrease	False	False
AUS	Australia	aus_wp_only	aus_ap_with_prn	additive_probability_offset	0.35				0.6153846153846154	0.32	0.6071428571428571	0.3269230769230769	0.9653846153846154	0.6699999999999999	0.6810096153846154	0.4397368421052632	-0.2953846153846154	-0.24127277327935215	decrease	decrease	False	False
AUS	Australia	aus_wp_only	aus_ap_with_prn	additive_probability_offset	0.4				0.6153846153846154	0.32	0.6071428571428571	0.3269230769230769	1.0	0.72	0.6875	0.4568421052631579	-0.2953846153846154	-0.23065789473684212	decrease	decrease	False	False
AUS	Australia	aus_wp_only	aus_ap_with_prn	additive_probability_offset	0.45				0.6153846153846154	0.32	0.6071428571428571	0.3269230769230769	1.0	0.77	0.6875	0.47394736842105256	-0.2953846153846154	-0.21355263157894744	decrease	decrease	False	False
AUS	Australia	aus_wp_only	aus_ap_with_prn	additive_probability_offset	0.5				0.6153846153846154	0.32	0.6071428571428571	0.3269230769230769	1.0	0.8200000000000001	0.6875	0.49105263157894735	-0.2953846153846154	-0.19644736842105265	decrease	decrease	False	False
AUS	Australia	aus_wp_only	aus_ap_with_prn	additive_probability_offset	0.55				0.6153846153846154	0.32	0.6071428571428571	0.3269230769230769	1.0	0.8700000000000001	0.6875	0.5081578947368421	-0.2953846153846154	-0.17934210526315786	decrease	decrease	False	False
AUS	Australia	aus_wp_only	aus_ap_with_prn	additive_probability_offset	0.6				0.6153846153846154	0.32	0.6071428571428571	0.3269230769230769	1.0	0.9199999999999999	0.6875	0.5252631578947369	-0.2953846153846154	-0.16223684210526312	decrease	decrease	False	False
AUS	Australia	aus_wp_only	aus_ap_with_prn	additive_probability_offset	0.65				0.6153846153846154	0.32	0.6071428571428571	0.3269230769230769	1.0	0.97	0.6875	0.5423684210526316	-0.2953846153846154	-0.1451315789473684	decrease	decrease	False	False
AUS	Australia	aus_wp_only	aus_ap_with_prn	additive_probability_offset	0.7				0.6153846153846154	0.32	0.6071428571428571	0.3269230769230769	1.0	1.0	0.6875	0.5526315789473685	-0.2953846153846154	-0.13486842105263153	decrease	decrease	False	False
AUS	Australia	aus_wp_only	aus_ap_with_prn	additive_probability_offset	0.75				0.6153846153846154	0.32	0.6071428571428571	0.3269230769230769	1.0	1.0	0.6875	0.5526315789473685	-0.2953846153846154	-0.13486842105263153	decrease	decrease	False	False
AUS	Australia	aus_wp_only	aus_ap_with_prn	additive_probability_offset	0.8				0.6153846153846154	0.32	0.6071428571428571	0.3269230769230769	1.0	1.0	0.6875	0.5526315789473685	-0.2953846153846154	-0.13486842105263153	decrease	decrease	False	False
AUS	Australia	aus_wp_only	aus_ap_with_prn	additive_probability_offset	0.85				0.6153846153846154	0.32	0.6071428571428571	0.3269230769230769	1.0	1.0	0.6875	0.5526315789473685	-0.2953846153846154	-0.13486842105263153	decrease	decrease	False	False
AUS	Australia	aus_wp_only	aus_ap_with_prn	additive_probability_offset	0.9				0.6153846153846154	0.32	0.6071428571428571	0.3269230769230769	1.0	1.0	0.6875	0.5526315789473685	-0.2953846153846154	-0.13486842105263153	decrease	decrease	False	False
AUS	Australia	aus_wp_only	aus_ap_with_prn	additive_probability_offset	0.95				0.6153846153846154	0.32	0.6071428571428571	0.3269230769230769	1.0	1.0	0.6875	0.5526315789473685	-0.2953846153846154	-0.13486842105263153	decrease	decrease	False	False
AUS	Australia	aus_wp_only	aus_ap_with_prn	additive_probability_offset	1.0				0.6153846153846154	0.32	0.6071428571428571	0.3269230769230769	1.0	1.0	0.6875	0.5526315789473685	-0.2953846153846154	-0.13486842105263153	decrease	decrease	False	False
AUS	Australia	aus_wp_only	aus_ap_with_prn	odds_multiplier_pattern_mixture		0.25	0.25	2.0	0.6153846153846154	0.32	0.6071428571428571	0.3269230769230769	0.2786885245901639	0.10828025477707007	0.5522540983606558	0.24756956084478712	-0.2953846153846154	-0.30468453751586866	decrease	decrease	False	False
AUS	Australia	aus_wp_only	aus_ap_with_prn	odds_multiplier_pattern_mixture		0.25	0.5	2.0	0.6153846153846154	0.32	0.6071428571428571	0.3269230769230769	0.2786885245901639	0.1954022988505747	0.5522540983606558	0.2773744706594071	-0.2953846153846154	-0.27487962770124863	decrease	decrease	False	False
AUS	Australia	aus_wp_only	aus_ap_with_prn	odds_multiplier_pattern_mixture		0.25	1.0	2.0	0.6153846153846154	0.32	0.6071428571428571	0.3269230769230769	0.2786885245901639	0.3269230769230769	0.5522540983606558	0.3223684210526316	-0.2953846153846154	-0.22988567730802417	decrease	decrease	False	False
AUS	Australia	aus_wp_only	aus_ap_with_prn	odds_multiplier_pattern_mixture		0.25	2.0	2.0	0.6153846153846154	0.32	0.6071428571428571	0.3269230769230769	0.2786885245901639	0.49275362318840576	0.5522540983606558	0.37909992372234935	-0.2953846153846154	-0.1731541746383064	decrease	decrease	False	False
AUS	Australia	aus_wp_only	aus_ap_with_prn	odds_multiplier_pattern_mixture		0.25	4.0	2.0	0.6153846153846154	0.32	0.6071428571428571	0.3269230769230769	0.2786885245901639	0.6601941747572815	0.5522540983606558	0.4363822176801227	-0.2953846153846154	-0.11587188068053306	decrease	decrease	False	False
AUS	Australia	aus_wp_only	aus_ap_with_prn	odds_multiplier_pattern_mixture		0.25	8.0	3.0	0.6153846153846154	0.32	0.6071428571428571	0.3269230769230769	0.2786885245901639	0.7953216374269005	0.5522540983606558	0.48261003385657125	-0.2953846153846154	-0.0696440645040845	decrease	decrease	False	False
AUS	Australia	aus_wp_only	aus_ap_with_prn	odds_multiplier_pattern_mixture		0.5	0.25	2.0	0.6153846153846154	0.32	0.6071428571428571	0.3269230769230769	0.4358974358974359	0.10828025477707007	0.5817307692307693	0.24756956084478712	-0.2953846153846154	-0.3341612083859822	decrease	decrease	False	False
AUS	Australia	aus_wp_only	aus_ap_with_prn	odds_multiplier_pattern_mixture		0.5	0.5	1.0	0.6153846153846154	0.32	0.6071428571428571	0.3269230769230769	0.4358974358974359	0.1954022988505747	0.5817307692307693	0.2773744706594071	-0.2953846153846154	-0.30435629857136215	decrease	decrease	False	False
AUS	Australia	aus_wp_only	aus_ap_with_prn	odds_multiplier_pattern_mixture		0.5	1.0	1.0	0.6153846153846154	0.32	0.6071428571428571	0.3269230769230769	0.4358974358974359	0.3269230769230769	0.5817307692307693	0.3223684210526316	-0.2953846153846154	-0.2593623481781377	decrease	decrease	False	False
AUS	Australia	aus_wp_only	aus_ap_with_prn	odds_multiplier_pattern_mixture		0.5	2.0	1.0	0.6153846153846154	0.32	0.6071428571428571	0.3269230769230769	0.4358974358974359	0.49275362318840576	0.5817307692307693	0.37909992372234935	-0.2953846153846154	-0.20263084550841992	decrease	decrease	False	False
AUS	Australia	aus_wp_only	aus_ap_with_prn	odds_multiplier_pattern_mixture		0.5	4.0	2.0	0.6153846153846154	0.32	0.6071428571428571	0.3269230769230769	0.4358974358974359	0.6601941747572815	0.5817307692307693	0.4363822176801227	-0.2953846153846154	-0.14534855155064658	decrease	decrease	False	False
AUS	Australia	aus_wp_only	aus_ap_with_prn	odds_multiplier_pattern_mixture		0.5	8.0	3.0	0.6153846153846154	0.32	0.6071428571428571	0.3269230769230769	0.4358974358974359	0.7953216374269005	0.5817307692307693	0.48261003385657125	-0.2953846153846154	-0.09912073537419802	decrease	decrease	False	False
AUS	Australia	aus_wp_only	aus_ap_with_prn	odds_multiplier_pattern_mixture		1.0	0.25	2.0	0.6153846153846154	0.32	0.6071428571428571	0.3269230769230769	0.6071428571428572	0.10828025477707007	0.6138392857142857	0.24756956084478712	-0.2953846153846154	-0.3662697248694986	decrease	decrease	False	False
AUS	Australia	aus_wp_only	aus_ap_with_prn	odds_multiplier_pattern_mixture		1.0	0.5	1.0	0.6153846153846154	0.32	0.6071428571428571	0.3269230769230769	0.6071428571428572	0.1954022988505747	0.6138392857142857	0.2773744706594071	-0.2953846153846154	-0.3364648150548786	decrease	decrease	False	False
AUS	Australia	aus_wp_only	aus_ap_with_prn	odds_multiplier_pattern_mixture		1.0	1.0	0.0	0.6153846153846154	0.32	0.6071428571428571	0.3269230769230769	0.6071428571428572	0.3269230769230769	0.6138392857142857	0.3223684210526316	-0.2953846153846154	-0.2914708646616541	decrease	decrease	False	False
AUS	Australia	aus_wp_only	aus_ap_with_prn	odds_multiplier_pattern_mixture		1.0	2.0	1.0	0.6153846153846154	0.32	0.6071428571428571	0.3269230769230769	0.6071428571428572	0.49275362318840576	0.6138392857142857	0.37909992372234935	-0.2953846153846154	-0.23473936199193635	decrease	decrease	False	False
AUS	Australia	aus_wp_only	aus_ap_with_prn	odds_multiplier_pattern_mixture		1.0	4.0	2.0	0.6153846153846154	0.32	0.6071428571428571	0.3269230769230769	0.6071428571428572	0.6601941747572815	0.6138392857142857	0.4363822176801227	-0.2953846153846154	-0.177457068034163	decrease	decrease	False	False
AUS	Australia	aus_wp_only	aus_ap_with_prn	odds_multiplier_pattern_mixture		1.0	8.0	3.0	0.6153846153846154	0.32	0.6071428571428571	0.3269230769230769	0.6071428571428572	0.7953216374269005	0.6138392857142857	0.48261003385657125	-0.2953846153846154	-0.13122925185771445	decrease	decrease	False	False
AUS	Australia	aus_wp_only	aus_ap_with_prn	odds_multiplier_pattern_mixture		2.0	0.25	2.0	0.6153846153846154	0.32	0.6071428571428571	0.3269230769230769	0.7555555555555556	0.10828025477707007	0.6416666666666667	0.24756956084478712	-0.2953846153846154	-0.3940971058218796	decrease	decrease	False	False
AUS	Australia	aus_wp_only	aus_ap_with_prn	odds_multiplier_pattern_mixture		2.0	0.5	1.0	0.6153846153846154	0.32	0.6071428571428571	0.3269230769230769	0.7555555555555556	0.1954022988505747	0.6416666666666667	0.2773744706594071	-0.2953846153846154	-0.3642921960072596	decrease	decrease	False	False
AUS	Australia	aus_wp_only	aus_ap_with_prn	odds_multiplier_pattern_mixture		2.0	1.0	1.0	0.6153846153846154	0.32	0.6071428571428571	0.3269230769230769	0.7555555555555556	0.3269230769230769	0.6416666666666667	0.3223684210526316	-0.2953846153846154	-0.31929824561403514	decrease	decrease	False	False
AUS	Australia	aus_wp_only	aus_ap_with_prn	odds_multiplier_pattern_mixture		2.0	2.0	1.0	0.6153846153846154	0.32	0.6071428571428571	0.3269230769230769	0.7555555555555556	0.49275362318840576	0.6416666666666667	0.37909992372234935	-0.2953846153846154	-0.26256674294431737	decrease	decrease	False	False
AUS	Australia	aus_wp_only	aus_ap_with_prn	odds_multiplier_pattern_mixture		2.0	4.0	2.0	0.6153846153846154	0.32	0.6071428571428571	0.3269230769230769	0.7555555555555556	0.6601941747572815	0.6416666666666667	0.4363822176801227	-0.2953846153846154	-0.20528444898654402	decrease	decrease	False	False
AUS	Australia	aus_wp_only	aus_ap_with_prn	odds_multiplier_pattern_mixture		2.0	8.0	3.0	0.6153846153846154	0.32	0.6071428571428571	0.3269230769230769	0.7555555555555556	0.7953216374269005	0.6416666666666667	0.48261003385657125	-0.2953846153846154	-0.15905663281009547	decrease	decrease	False	False
AUS	Australia	aus_wp_only	aus_ap_with_prn	odds_multiplier_pattern_mixture		4.0	0.25	2.0	0.6153846153846154	0.32	0.6071428571428571	0.3269230769230769	0.8607594936708861	0.10828025477707007	0.6613924050632911	0.24756956084478712	-0.2953846153846154	-0.413822844218504	decrease	decrease	False	False
AUS	Australia	aus_wp_only	aus_ap_with_prn	odds_multiplier_pattern_mixture		4.0	0.5	2.0	0.6153846153846154	0.32	0.6071428571428571	0.3269230769230769	0.8607594936708861	0.1954022988505747	0.6613924050632911	0.2773744706594071	-0.2953846153846154	-0.384017934403884	decrease	decrease	False	False
AUS	Australia	aus_wp_only	aus_ap_with_prn	odds_multiplier_pattern_mixture		4.0	1.0	2.0	0.6153846153846154	0.32	0.6071428571428571	0.3269230769230769	0.8607594936708861	0.3269230769230769	0.6613924050632911	0.3223684210526316	-0.2953846153846154	-0.33902398401065953	decrease	decrease	False	False
AUS	Australia	aus_wp_only	aus_ap_with_prn	odds_multiplier_pattern_mixture		4.0	2.0	2.0	0.6153846153846154	0.32	0.6071428571428571	0.3269230769230769	0.8607594936708861	0.49275362318840576	0.6613924050632911	0.37909992372234935	-0.2953846153846154	-0.28229248134094176	decrease	decrease	False	False
AUS	Australia	aus_wp_only	aus_ap_with_prn	odds_multiplier_pattern_mixture		4.0	4.0	2.0	0.6153846153846154	0.32	0.6071428571428571	0.3269230769230769	0.8607594936708861	0.6601941747572815	0.6613924050632911	0.4363822176801227	-0.2953846153846154	-0.22501018738316841	decrease	decrease	False	False
AUS	Australia	aus_wp_only	aus_ap_with_prn	odds_multiplier_pattern_mixture		4.0	8.0	3.0	0.6153846153846154	0.32	0.6071428571428571	0.3269230769230769	0.8607594936708861	0.7953216374269005	0.6613924050632911	0.48261003385657125	-0.2953846153846154	-0.17878237120671986	decrease	decrease	False	False
AUS	Australia	aus_wp_only	aus_ap_with_prn	odds_multiplier_pattern_mixture		8.0	0.25	3.0	0.6153846153846154	0.32	0.6071428571428571	0.3269230769230769	0.9251700680272109	0.10828025477707007	0.673469387755102	0.24756956084478712	-0.2953846153846154	-0.4258998269103149	decrease	decrease	False	False
AUS	Australia	aus_wp_only	aus_ap_with_prn	odds_multiplier_pattern_mixture		8.0	0.5	3.0	0.6153846153846154	0.32	0.6071428571428571	0.3269230769230769	0.9251700680272109	0.1954022988505747	0.673469387755102	0.2773744706594071	-0.2953846153846154	-0.3960949170956949	decrease	decrease	False	False
AUS	Australia	aus_wp_only	aus_ap_with_prn	odds_multiplier_pattern_mixture		8.0	1.0	3.0	0.6153846153846154	0.32	0.6071428571428571	0.3269230769230769	0.9251700680272109	0.3269230769230769	0.673469387755102	0.3223684210526316	-0.2953846153846154	-0.35110096670247043	decrease	decrease	False	False
AUS	Australia	aus_wp_only	aus_ap_with_prn	odds_multiplier_pattern_mixture		8.0	2.0	3.0	0.6153846153846154	0.32	0.6071428571428571	0.3269230769230769	0.9251700680272109	0.49275362318840576	0.673469387755102	0.37909992372234935	-0.2953846153846154	-0.29436946403275266	decrease	decrease	False	False
AUS	Australia	aus_wp_only	aus_ap_with_prn	odds_multiplier_pattern_mixture		8.0	4.0	3.0	0.6153846153846154	0.32	0.6071428571428571	0.3269230769230769	0.9251700680272109	0.6601941747572815	0.673469387755102	0.4363822176801227	-0.2953846153846154	-0.23708717007497931	decrease	decrease	False	False
AUS	Australia	aus_wp_only	aus_ap_with_prn	odds_multiplier_pattern_mixture		8.0	8.0	3.0	0.6153846153846154	0.32	0.6071428571428571	0.3269230769230769	0.9251700680272109	0.7953216374269005	0.673469387755102	0.48261003385657125	-0.2953846153846154	-0.19085935389853076	decrease	decrease	False	False
JPN	Japan	jpn_pre2012_mixed_ap	jpn_ap_without_prn	additive_probability_offset	-1.0				0.21739130434782608	0.0425531914893617	0.22916666666666666	0.052083333333333336	0.0	0.0	0.16666666666666666	0.038461538461538464	-0.17483811285846437	-0.1282051282051282	decrease	decrease	False	False
JPN	Japan	jpn_pre2012_mixed_ap	jpn_ap_without_prn	additive_probability_offset	-0.95				0.21739130434782608	0.0425531914893617	0.22916666666666666	0.052083333333333336	0.0	0.0	0.16666666666666666	0.038461538461538464	-0.17483811285846437	-0.1282051282051282	decrease	decrease	False	False
JPN	Japan	jpn_pre2012_mixed_ap	jpn_ap_without_prn	additive_probability_offset	-0.9				0.21739130434782608	0.0425531914893617	0.22916666666666666	0.052083333333333336	0.0	0.0	0.16666666666666666	0.038461538461538464	-0.17483811285846437	-0.1282051282051282	decrease	decrease	False	False
JPN	Japan	jpn_pre2012_mixed_ap	jpn_ap_without_prn	additive_probability_offset	-0.85				0.21739130434782608	0.0425531914893617	0.22916666666666666	0.052083333333333336	0.0	0.0	0.16666666666666666	0.038461538461538464	-0.17483811285846437	-0.1282051282051282	decrease	decrease	False	False
JPN	Japan	jpn_pre2012_mixed_ap	jpn_ap_without_prn	additive_probability_offset	-0.8				0.21739130434782608	0.0425531914893617	0.22916666666666666	0.052083333333333336	0.0	0.0	0.16666666666666666	0.038461538461538464	-0.17483811285846437	-0.1282051282051282	decrease	decrease	False	False
JPN	Japan	jpn_pre2012_mixed_ap	jpn_ap_without_prn	additive_probability_offset	-0.75				0.21739130434782608	0.0425531914893617	0.22916666666666666	0.052083333333333336	0.0	0.0	0.16666666666666666	0.038461538461538464	-0.17483811285846437	-0.1282051282051282	decrease	decrease	False	False
JPN	Japan	jpn_pre2012_mixed_ap	jpn_ap_without_prn	additive_probability_offset	-0.7				0.21739130434782608	0.0425531914893617	0.22916666666666666	0.052083333333333336	0.0	0.0	0.16666666666666666	0.038461538461538464	-0.17483811285846437	-0.1282051282051282	decrease	decrease	False	False
JPN	Japan	jpn_pre2012_mixed_ap	jpn_ap_without_prn	additive_probability_offset	-0.65				0.21739130434782608	0.0425531914893617	0.22916666666666666	0.052083333333333336	0.0	0.0	0.16666666666666666	0.038461538461538464	-0.17483811285846437	-0.1282051282051282	decrease	decrease	False	False
JPN	Japan	jpn_pre2012_mixed_ap	jpn_ap_without_prn	additive_probability_offset	-0.6				0.21739130434782608	0.0425531914893617	0.22916666666666666	0.052083333333333336	0.0	0.0	0.16666666666666666	0.038461538461538464	-0.17483811285846437	-0.1282051282051282	decrease	decrease	False	False
JPN	Japan	jpn_pre2012_mixed_ap	jpn_ap_without_prn	additive_probability_offset	-0.55				0.21739130434782608	0.0425531914893617	0.22916666666666666	0.052083333333333336	0.0	0.0	0.16666666666666666	0.038461538461538464	-0.17483811285846437	-0.1282051282051282	decrease	decrease	False	False
JPN	Japan	jpn_pre2012_mixed_ap	jpn_ap_without_prn	additive_probability_offset	-0.5				0.21739130434782608	0.0425531914893617	0.22916666666666666	0.052083333333333336	0.0	0.0	0.16666666666666666	0.038461538461538464	-0.17483811285846437	-0.1282051282051282	decrease	decrease	False	False
JPN	Japan	jpn_pre2012_mixed_ap	jpn_ap_without_prn	additive_probability_offset	-0.45				0.21739130434782608	0.0425531914893617	0.22916666666666666	0.052083333333333336	0.0	0.0	0.16666666666666666	0.038461538461538464	-0.17483811285846437	-0.1282051282051282	decrease	decrease	False	False
JPN	Japan	jpn_pre2012_mixed_ap	jpn_ap_without_prn	additive_probability_offset	-0.4				0.21739130434782608	0.0425531914893617	0.22916666666666666	0.052083333333333336	0.0	0.0	0.16666666666666666	0.038461538461538464	-0.17483811285846437	-0.1282051282051282	decrease	decrease	False	False
JPN	Japan	jpn_pre2012_mixed_ap	jpn_ap_without_prn	additive_probability_offset	-0.35				0.21739130434782608	0.0425531914893617	0.22916666666666666	0.052083333333333336	0.0	0.0	0.16666666666666666	0.038461538461538464	-0.17483811285846437	-0.1282051282051282	decrease	decrease	False	False
JPN	Japan	jpn_pre2012_mixed_ap	jpn_ap_without_prn	additive_probability_offset	-0.3				0.21739130434782608	0.0425531914893617	0.22916666666666666	0.052083333333333336	0.0	0.0	0.16666666666666666	0.038461538461538464	-0.17483811285846437	-0.1282051282051282	decrease	decrease	False	False
JPN	Japan	jpn_pre2012_mixed_ap	jpn_ap_without_prn	additive_probability_offset	-0.25				0.21739130434782608	0.0425531914893617	0.22916666666666666	0.052083333333333336	0.0	0.0	0.16666666666666666	0.038461538461538464	-0.17483811285846437	-0.1282051282051282	decrease	decrease	False	False
JPN	Japan	jpn_pre2012_mixed_ap	jpn_ap_without_prn	additive_probability_offset	-0.2				0.21739130434782608	0.0425531914893617	0.22916666666666666	0.052083333333333336	0.01739130434782607	0.0	0.17072463768115942	0.038461538461538464	-0.17483811285846437	-0.13226309921962096	decrease	decrease	False	False
JPN	Japan	jpn_pre2012_mixed_ap	jpn_ap_without_prn	additive_probability_offset	-0.15				0.21739130434782608	0.0425531914893617	0.22916666666666666	0.052083333333333336	0.06739130434782609	0.0	0.18239130434782608	0.038461538461538464	-0.17483811285846437	-0.14392976588628761	decrease	decrease	False	False
JPN	Japan	jpn_pre2012_mixed_ap	jpn_ap_without_prn	additive_probability_offset	-0.1				0.21739130434782608	0.0425531914893617	0.22916666666666666	0.052083333333333336	0.11739130434782608	0.0	0.19405797101449274	0.038461538461538464	-0.17483811285846437	-0.15559643255295427	decrease	decrease	False	False
JPN	Japan	jpn_pre2012_mixed_ap	jpn_ap_without_prn	additive_probability_offset	-0.05				0.21739130434782608	0.0425531914893617	0.22916666666666666	0.052083333333333336	0.16739130434782606	0.0	0.20572463768115942	0.038461538461538464	-0.17483811285846437	-0.16726309921962096	decrease	decrease	False	False
JPN	Japan	jpn_pre2012_mixed_ap	jpn_ap_without_prn	additive_probability_offset	0.0				0.21739130434782608	0.0425531914893617	0.22916666666666666	0.052083333333333336	0.21739130434782608	0.0425531914893617	0.21739130434782608	0.0425531914893617	-0.17483811285846437	-0.17483811285846437	decrease	decrease	False	False
JPN	Japan	jpn_pre2012_mixed_ap	jpn_ap_without_prn	additive_probability_offset	0.05				0.21739130434782608	0.0425531914893617	0.22916666666666666	0.052083333333333336	0.2673913043478261	0.0925531914893617	0.22905797101449277	0.04736088379705401	-0.17483811285846437	-0.18169708721743877	decrease	decrease	False	False
JPN	Japan	jpn_pre2012_mixed_ap	jpn_ap_without_prn	additive_probability_offset	0.1				0.21739130434782608	0.0425531914893617	0.22916666666666666	0.052083333333333336	0.3173913043478261	0.1425531914893617	0.24072463768115943	0.05216857610474632	-0.17483811285846437	-0.1885560615764131	decrease	decrease	False	False
JPN	Japan	jpn_pre2012_mixed_ap	jpn_ap_without_prn	additive_probability_offset	0.15				0.21739130434782608	0.0425531914893617	0.22916666666666666	0.052083333333333336	0.3673913043478261	0.1925531914893617	0.2523913043478261	0.05697626841243863	-0.17483811285846437	-0.19541503593538745	decrease	decrease	False	False
JPN	Japan	jpn_pre2012_mixed_ap	jpn_ap_without_prn	additive_probability_offset	0.2				0.21739130434782608	0.0425531914893617	0.22916666666666666	0.052083333333333336	0.4173913043478261	0.24255319148936172	0.26405797101449274	0.06178396072013093	-0.17483811285846437	-0.20227401029436182	decrease	decrease	False	False
JPN	Japan	jpn_pre2012_mixed_ap	jpn_ap_without_prn	additive_probability_offset	0.25				0.21739130434782608	0.0425531914893617	0.22916666666666666	0.052083333333333336	0.46739130434782605	0.2925531914893617	0.2757246376811594	0.06659165302782324	-0.17483811285846437	-0.20913298465333616	decrease	decrease	False	False
JPN	Japan	jpn_pre2012_mixed_ap	jpn_ap_without_prn	additive_probability_offset	0.3				0.21739130434782608	0.0425531914893617	0.22916666666666666	0.052083333333333336	0.5173913043478261	0.3425531914893617	0.2873913043478261	0.07139934533551555	-0.17483811285846437	-0.21599195901231055	decrease	decrease	False	False
JPN	Japan	jpn_pre2012_mixed_ap	jpn_ap_without_prn	additive_probability_offset	0.35				0.21739130434782608	0.0425531914893617	0.22916666666666666	0.052083333333333336	0.567391304347826	0.3925531914893617	0.2990579710144928	0.07620703764320785	-0.17483811285846437	-0.22285093337128492	decrease	decrease	False	False
JPN	Japan	jpn_pre2012_mixed_ap	jpn_ap_without_prn	additive_probability_offset	0.4				0.21739130434782608	0.0425531914893617	0.22916666666666666	0.052083333333333336	0.6173913043478261	0.44255319148936173	0.3107246376811594	0.08101472995090017	-0.17483811285846437	-0.2297099077302592	decrease	decrease	False	False
JPN	Japan	jpn_pre2012_mixed_ap	jpn_ap_without_prn	additive_probability_offset	0.45				0.21739130434782608	0.0425531914893617	0.22916666666666666	0.052083333333333336	0.6673913043478261	0.4925531914893617	0.3223913043478261	0.08582242225859248	-0.17483811285846437	-0.2365688820892336	decrease	decrease	False	False
JPN	Japan	jpn_pre2012_mixed_ap	jpn_ap_without_prn	additive_probability_offset	0.5				0.21739130434782608	0.0425531914893617	0.22916666666666666	0.052083333333333336	0.717391304347826	0.5425531914893617	0.3340579710144927	0.09063011456628477	-0.17483811285846437	-0.2434278564482079	decrease	decrease	False	False
JPN	Japan	jpn_pre2012_mixed_ap	jpn_ap_without_prn	additive_probability_offset	0.55				0.21739130434782608	0.0425531914893617	0.22916666666666666	0.052083333333333336	0.7673913043478261	0.5925531914893617	0.3457246376811594	0.0954378068739771	-0.17483811285846437	-0.2502868308071823	decrease	decrease	False	False
JPN	Japan	jpn_pre2012_mixed_ap	jpn_ap_without_prn	additive_probability_offset	0.6				0.21739130434782608	0.0425531914893617	0.22916666666666666	0.052083333333333336	0.817391304347826	0.6425531914893616	0.35739130434782607	0.10024549918166939	-0.17483811285846437	-0.2571458051661567	decrease	decrease	False	False
JPN	Japan	jpn_pre2012_mixed_ap	jpn_ap_without_prn	additive_probability_offset	0.65				0.21739130434782608	0.0425531914893617	0.22916666666666666	0.052083333333333336	0.8673913043478261	0.6925531914893617	0.3690579710144927	0.1050531914893617	-0.17483811285846437	-0.264004779525131	decrease	decrease	False	False
JPN	Japan	jpn_pre2012_mixed_ap	jpn_ap_without_prn	additive_probability_offset	0.7				0.21739130434782608	0.0425531914893617	0.22916666666666666	0.052083333333333336	0.917391304347826	0.7425531914893616	0.3807246376811594	0.109860883797054	-0.17483811285846437	-0.2708637538841054	decrease	decrease	False	False
JPN	Japan	jpn_pre2012_mixed_ap	jpn_ap_without_prn	additive_probability_offset	0.75				0.21739130434782608	0.0425531914893617	0.22916666666666666	0.052083333333333336	0.967391304347826	0.7925531914893617	0.39239130434782604	0.11466857610474632	-0.17483811285846437	-0.27772272824307975	decrease	decrease	False	False
JPN	Japan	jpn_pre2012_mixed_ap	jpn_ap_without_prn	additive_probability_offset	0.8				0.21739130434782608	0.0425531914893617	0.22916666666666666	0.052083333333333336	1.0	0.8425531914893617	0.4	0.11947626841243862	-0.17483811285846437	-0.2805237315875614	decrease	decrease	False	False
JPN	Japan	jpn_pre2012_mixed_ap	jpn_ap_without_prn	additive_probability_offset	0.85				0.21739130434782608	0.0425531914893617	0.22916666666666666	0.052083333333333336	1.0	0.8925531914893616	0.4	0.12428396072013093	-0.17483811285846437	-0.2757160392798691	decrease	decrease	False	False
JPN	Japan	jpn_pre2012_mixed_ap	jpn_ap_without_prn	additive_probability_offset	0.9				0.21739130434782608	0.0425531914893617	0.22916666666666666	0.052083333333333336	1.0	0.9425531914893617	0.4	0.12909165302782324	-0.17483811285846437	-0.2709083469721768	decrease	decrease	False	False
JPN	Japan	jpn_pre2012_mixed_ap	jpn_ap_without_prn	additive_probability_offset	0.95				0.21739130434782608	0.0425531914893617	0.22916666666666666	0.052083333333333336	1.0	0.9925531914893616	0.4	0.13389934533551553	-0.17483811285846437	-0.2661006546644845	decrease	decrease	False	False
JPN	Japan	jpn_pre2012_mixed_ap	jpn_ap_without_prn	additive_probability_offset	1.0				0.21739130434782608	0.0425531914893617	0.22916666666666666	0.052083333333333336	1.0	1.0	0.4	0.1346153846153846	-0.17483811285846437	-0.26538461538461544	decrease	decrease	False	False
JPN	Japan	jpn_pre2012_mixed_ap	jpn_ap_without_prn	odds_multiplier_pattern_mixture		0.25	0.25	2.0	0.21739130434782608	0.0425531914893617	0.22916666666666666	0.052083333333333336	0.0691823899371069	0.013550135501355016	0.18280922431865826	0.03976443610589952	-0.17483811285846437	-0.14304478821275873	decrease	decrease	False	False
JPN	Japan	jpn_pre2012_mixed_ap	jpn_ap_without_prn	odds_multiplier_pattern_mixture		0.25	0.5	2.0	0.21739130434782608	0.0425531914893617	0.22916666666666666	0.052083333333333336	0.0691823899371069	0.02673796791443851	0.18280922431865826	0.04103249691484986	-0.17483811285846437	-0.1417767274038084	decrease	decrease	False	False
JPN	Japan	jpn_pre2012_mixed_ap	jpn_ap_without_prn	odds_multiplier_pattern_mixture		0.25	1.0	2.0	0.21739130434782608	0.0425531914893617	0.22916666666666666	0.052083333333333336	0.0691823899371069	0.052083333333333336	0.18280922431865826	0.04346955128205128	-0.17483811285846437	-0.139339673036607	decrease	decrease	False	False
JPN	Japan	jpn_pre2012_mixed_ap	jpn_ap_without_prn	odds_multiplier_pattern_mixture		0.25	2.0	2.0	0.21739130434782608	0.0425531914893617	0.22916666666666666	0.052083333333333336	0.0691823899371069	0.09900990099009901	0.18280922431865826	0.04798172124904798	-0.17483811285846437	-0.13482750306961028	decrease	decrease	False	False
JPN	Japan	jpn_pre2012_mixed_ap	jpn_ap_without_prn	odds_multiplier_pattern_mixture		0.25	4.0	2.0	0.21739130434782608	0.0425531914893617	0.22916666666666666	0.052083333333333336	0.0691823899371069	0.18018018018018017	0.18280922431865826	0.05578655578655578	-0.17483811285846437	-0.12702266853210248	decrease	decrease	False	False
JPN	Japan	jpn_pre2012_mixed_ap	jpn_ap_without_prn	odds_multiplier_pattern_mixture		0.25	8.0	3.0	0.21739130434782608	0.0425531914893617	0.22916666666666666	0.052083333333333336	0.0691823899371069	0.3053435114503817	0.18280922431865826	0.06782149148561362	-0.17483811285846437	-0.11498773283304464	decrease	decrease	False	False
JPN	Japan	jpn_pre2012_mixed_ap	jpn_ap_without_prn	odds_multiplier_pattern_mixture		0.5	0.25	2.0	0.21739130434782608	0.0425531914893617	0.22916666666666666	0.052083333333333336	0.12941176470588234	0.013550135501355016	0.19686274509803922	0.03976443610589952	-0.17483811285846437	-0.1570983089921397	decrease	decrease	False	False
JPN	Japan	jpn_pre2012_mixed_ap	jpn_ap_without_prn	odds_multiplier_pattern_mixture		0.5	0.5	1.0	0.21739130434782608	0.0425531914893617	0.22916666666666666	0.052083333333333336	0.12941176470588234	0.02673796791443851	0.19686274509803922	0.04103249691484986	-0.17483811285846437	-0.15583024818318936	decrease	decrease	False	False
JPN	Japan	jpn_pre2012_mixed_ap	jpn_ap_without_prn	odds_multiplier_pattern_mixture		0.5	1.0	1.0	0.21739130434782608	0.0425531914893617	0.22916666666666666	0.052083333333333336	0.12941176470588234	0.052083333333333336	0.19686274509803922	0.04346955128205128	-0.17483811285846437	-0.15339319381598793	decrease	decrease	False	False
JPN	Japan	jpn_pre2012_mixed_ap	jpn_ap_without_prn	odds_multiplier_pattern_mixture		0.5	2.0	1.0	0.21739130434782608	0.0425531914893617	0.22916666666666666	0.052083333333333336	0.12941176470588234	0.09900990099009901	0.19686274509803922	0.04798172124904798	-0.17483811285846437	-0.14888102384899124	decrease	decrease	False	False
JPN	Japan	jpn_pre2012_mixed_ap	jpn_ap_without_prn	odds_multiplier_pattern_mixture		0.5	4.0	2.0	0.21739130434782608	0.0425531914893617	0.22916666666666666	0.052083333333333336	0.12941176470588234	0.18018018018018017	0.19686274509803922	0.05578655578655578	-0.17483811285846437	-0.14107618931148344	decrease	decrease	False	False
JPN	Japan	jpn_pre2012_mixed_ap	jpn_ap_without_prn	odds_multiplier_pattern_mixture		0.5	8.0	3.0	0.21739130434782608	0.0425531914893617	0.22916666666666666	0.052083333333333336	0.12941176470588234	0.3053435114503817	0.19686274509803922	0.06782149148561362	-0.17483811285846437	-0.1290412536124256	decrease	decrease	False	False
JPN	Japan	jpn_pre2012_mixed_ap	jpn_ap_without_prn	odds_multiplier_pattern_mixture		1.0	0.25	2.0	0.21739130434782608	0.0425531914893617	0.22916666666666666	0.052083333333333336	0.22916666666666663	0.013550135501355016	0.22013888888888886	0.03976443610589952	-0.17483811285846437	-0.18037445278298933	decrease	decrease	False	False
JPN	Japan	jpn_pre2012_mixed_ap	jpn_ap_without_prn	odds_multiplier_pattern_mixture		1.0	0.5	1.0	0.21739130434782608	0.0425531914893617	0.22916666666666666	0.052083333333333336	0.22916666666666663	0.02673796791443851	0.22013888888888886	0.04103249691484986	-0.17483811285846437	-0.179106391974039	decrease	decrease	False	False
JPN	Japan	jpn_pre2012_mixed_ap	jpn_ap_without_prn	odds_multiplier_pattern_mixture		1.0	1.0	0.0	0.21739130434782608	0.0425531914893617	0.22916666666666666	0.052083333333333336	0.22916666666666663	0.052083333333333336	0.22013888888888886	0.04346955128205128	-0.17483811285846437	-0.17666933760683756	decrease	decrease	False	False
JPN	Japan	jpn_pre2012_mixed_ap	jpn_ap_without_prn	odds_multiplier_pattern_mixture		1.0	2.0	1.0	0.21739130434782608	0.0425531914893617	0.22916666666666666	0.052083333333333336	0.22916666666666663	0.09900990099009901	0.22013888888888886	0.04798172124904798	-0.17483811285846437	-0.17215716763984087	decrease	decrease	False	False
JPN	Japan	jpn_pre2012_mixed_ap	jpn_ap_without_prn	odds_multiplier_pattern_mixture		1.0	4.0	2.0	0.21739130434782608	0.0425531914893617	0.22916666666666666	0.052083333333333336	0.22916666666666663	0.18018018018018017	0.22013888888888886	0.05578655578655578	-0.17483811285846437	-0.16435233310233308	decrease	decrease	False	False
JPN	Japan	jpn_pre2012_mixed_ap	jpn_ap_without_prn	odds_multiplier_pattern_mixture		1.0	8.0	3.0	0.21739130434782608	0.0425531914893617	0.22916666666666666	0.052083333333333336	0.22916666666666663	0.3053435114503817	0.22013888888888886	0.06782149148561362	-0.17483811285846437	-0.15231739740327524	decrease	decrease	False	False
JPN	Japan	jpn_pre2012_mixed_ap	jpn_ap_without_prn	odds_multiplier_pattern_mixture		2.0	0.25	2.0	0.21739130434782608	0.0425531914893617	0.22916666666666666	0.052083333333333336	0.37288135593220334	0.013550135501355016	0.2536723163841808	0.03976443610589952	-0.17483811285846437	-0.21390788027828128	decrease	decrease	False	False
JPN	Japan	jpn_pre2012_mixed_ap	jpn_ap_without_prn	odds_multiplier_pattern_mixture		2.0	0.5	1.0	0.21739130434782608	0.0425531914893617	0.22916666666666666	0.052083333333333336	0.37288135593220334	0.02673796791443851	0.2536723163841808	0.04103249691484986	-0.17483811285846437	-0.21263981946933094	decrease	decrease	False	False
JPN	Japan	jpn_pre2012_mixed_ap	jpn_ap_without_prn	odds_multiplier_pattern_mixture		2.0	1.0	1.0	0.21739130434782608	0.0425531914893617	0.22916666666666666	0.052083333333333336	0.37288135593220334	0.052083333333333336	0.2536723163841808	0.04346955128205128	-0.17483811285846437	-0.21020276510212954	decrease	decrease	False	False
JPN	Japan	jpn_pre2012_mixed_ap	jpn_ap_without_prn	odds_multiplier_pattern_mixture		2.0	2.0	1.0	0.21739130434782608	0.0425531914893617	0.22916666666666666	0.052083333333333336	0.37288135593220334	0.09900990099009901	0.2536723163841808	0.04798172124904798	-0.17483811285846437	-0.20569059513513283	decrease	decrease	False	False
JPN	Japan	jpn_pre2012_mixed_ap	jpn_ap_without_prn	odds_multiplier_pattern_mixture		2.0	4.0	2.0	0.21739130434782608	0.0425531914893617	0.22916666666666666	0.052083333333333336	0.37288135593220334	0.18018018018018017	0.2536723163841808	0.05578655578655578	-0.17483811285846437	-0.19788576059762503	decrease	decrease	False	False
JPN	Japan	jpn_pre2012_mixed_ap	jpn_ap_without_prn	odds_multiplier_pattern_mixture		2.0	8.0	3.0	0.21739130434782608	0.0425531914893617	0.22916666666666666	0.052083333333333336	0.37288135593220334	0.3053435114503817	0.2536723163841808	0.06782149148561362	-0.17483811285846437	-0.1858508248985672	decrease	decrease	False	False
JPN	Japan	jpn_pre2012_mixed_ap	jpn_ap_without_prn	odds_multiplier_pattern_mixture		4.0	0.25	2.0	0.21739130434782608	0.0425531914893617	0.22916666666666666	0.052083333333333336	0.5432098765432098	0.013550135501355016	0.2934156378600823	0.03976443610589952	-0.17483811285846437	-0.25365120175418276	decrease	decrease	False	False
JPN	Japan	jpn_pre2012_mixed_ap	jpn_ap_without_prn	odds_multiplier_pattern_mixture		4.0	0.5	2.0	0.21739130434782608	0.0425531914893617	0.22916666666666666	0.052083333333333336	0.5432098765432098	0.02673796791443851	0.2934156378600823	0.04103249691484986	-0.17483811285846437	-0.25238314094523245	decrease	decrease	False	False
JPN	Japan	jpn_pre2012_mixed_ap	jpn_ap_without_prn	odds_multiplier_pattern_mixture		4.0	1.0	2.0	0.21739130434782608	0.0425531914893617	0.22916666666666666	0.052083333333333336	0.5432098765432098	0.052083333333333336	0.2934156378600823	0.04346955128205128	-0.17483811285846437	-0.24994608657803102	decrease	decrease	False	False
JPN	Japan	jpn_pre2012_mixed_ap	jpn_ap_without_prn	odds_multiplier_pattern_mixture		4.0	2.0	2.0	0.21739130434782608	0.0425531914893617	0.22916666666666666	0.052083333333333336	0.5432098765432098	0.09900990099009901	0.2934156378600823	0.04798172124904798	-0.17483811285846437	-0.2454339166110343	decrease	decrease	False	False
JPN	Japan	jpn_pre2012_mixed_ap	jpn_ap_without_prn	odds_multiplier_pattern_mixture		4.0	4.0	2.0	0.21739130434782608	0.0425531914893617	0.22916666666666666	0.052083333333333336	0.5432098765432098	0.18018018018018017	0.2934156378600823	0.05578655578655578	-0.17483811285846437	-0.2376290820735265	decrease	decrease	False	False
JPN	Japan	jpn_pre2012_mixed_ap	jpn_ap_without_prn	odds_multiplier_pattern_mixture		4.0	8.0	3.0	0.21739130434782608	0.0425531914893617	0.22916666666666666	0.052083333333333336	0.5432098765432098	0.3053435114503817	0.2934156378600823	0.06782149148561362	-0.17483811285846437	-0.22559414637446867	decrease	decrease	False	False
JPN	Japan	jpn_pre2012_mixed_ap	jpn_ap_without_prn	odds_multiplier_pattern_mixture		8.0	0.25	3.0	0.21739130434782608	0.0425531914893617	0.22916666666666666	0.052083333333333336	0.704	0.013550135501355016	0.33093333333333336	0.03976443610589952	-0.17483811285846437	-0.29116889722743383	decrease	decrease	False	False
JPN	Japan	jpn_pre2012_mixed_ap	jpn_ap_without_prn	odds_multiplier_pattern_mixture		8.0	0.5	3.0	0.21739130434782608	0.0425531914893617	0.22916666666666666	0.052083333333333336	0.704	0.02673796791443851	0.33093333333333336	0.04103249691484986	-0.17483811285846437	-0.2899008364184835	decrease	decrease	False	False
JPN	Japan	jpn_pre2012_mixed_ap	jpn_ap_without_prn	odds_multiplier_pattern_mixture		8.0	1.0	3.0	0.21739130434782608	0.0425531914893617	0.22916666666666666	0.052083333333333336	0.704	0.052083333333333336	0.33093333333333336	0.04346955128205128	-0.17483811285846437	-0.2874637820512821	decrease	decrease	False	False
JPN	Japan	jpn_pre2012_mixed_ap	jpn_ap_without_prn	odds_multiplier_pattern_mixture		8.0	2.0	3.0	0.21739130434782608	0.0425531914893617	0.22916666666666666	0.052083333333333336	0.704	0.09900990099009901	0.33093333333333336	0.04798172124904798	-0.17483811285846437	-0.2829516120842854	decrease	decrease	False	False
JPN	Japan	jpn_pre2012_mixed_ap	jpn_ap_without_prn	odds_multiplier_pattern_mixture		8.0	4.0	3.0	0.21739130434782608	0.0425531914893617	0.22916666666666666	0.052083333333333336	0.704	0.18018018018018017	0.33093333333333336	0.05578655578655578	-0.17483811285846437	-0.2751467775467776	decrease	decrease	False	False
JPN	Japan	jpn_pre2012_mixed_ap	jpn_ap_without_prn	odds_multiplier_pattern_mixture		8.0	8.0	3.0	0.21739130434782608	0.0425531914893617	0.22916666666666666	0.052083333333333336	0.704	0.3053435114503817	0.33093333333333336	0.06782149148561362	-0.17483811285846437	-0.26311184184771974	decrease	decrease	False	False
NZL	New Zealand	nzl_wp_only	nzl_ap_with_prn	additive_probability_offset	-1.0				0.0	0.45098039215686275	0.038461538461538464	0.4519230769230769	0.0	0.0	0.0	0.45098039215686275	0.45098039215686275	0.45098039215686275	increase	increase	False	False
NZL	New Zealand	nzl_wp_only	nzl_ap_with_prn	additive_probability_offset	-0.95				0.0	0.45098039215686275	0.038461538461538464	0.4519230769230769	0.0	0.0	0.0	0.45098039215686275	0.45098039215686275	0.45098039215686275	increase	increase	False	False
NZL	New Zealand	nzl_wp_only	nzl_ap_with_prn	additive_probability_offset	-0.9				0.0	0.45098039215686275	0.038461538461538464	0.4519230769230769	0.0	0.0	0.0	0.45098039215686275	0.45098039215686275	0.45098039215686275	increase	increase	False	False
NZL	New Zealand	nzl_wp_only	nzl_ap_with_prn	additive_probability_offset	-0.85				0.0	0.45098039215686275	0.038461538461538464	0.4519230769230769	0.0	0.0	0.0	0.45098039215686275	0.45098039215686275	0.45098039215686275	increase	increase	False	False
NZL	New Zealand	nzl_wp_only	nzl_ap_with_prn	additive_probability_offset	-0.8				0.0	0.45098039215686275	0.038461538461538464	0.4519230769230769	0.0	0.0	0.0	0.45098039215686275	0.45098039215686275	0.45098039215686275	increase	increase	False	False
NZL	New Zealand	nzl_wp_only	nzl_ap_with_prn	additive_probability_offset	-0.75				0.0	0.45098039215686275	0.038461538461538464	0.4519230769230769	0.0	0.0	0.0	0.45098039215686275	0.45098039215686275	0.45098039215686275	increase	increase	False	False
NZL	New Zealand	nzl_wp_only	nzl_ap_with_prn	additive_probability_offset	-0.7				0.0	0.45098039215686275	0.038461538461538464	0.4519230769230769	0.0	0.0	0.0	0.45098039215686275	0.45098039215686275	0.45098039215686275	increase	increase	False	False
NZL	New Zealand	nzl_wp_only	nzl_ap_with_prn	additive_probability_offset	-0.65				0.0	0.45098039215686275	0.038461538461538464	0.4519230769230769	0.0	0.0	0.0	0.45098039215686275	0.45098039215686275	0.45098039215686275	increase	increase	False	False
NZL	New Zealand	nzl_wp_only	nzl_ap_with_prn	additive_probability_offset	-0.6				0.0	0.45098039215686275	0.038461538461538464	0.4519230769230769	0.0	0.0	0.0	0.45098039215686275	0.45098039215686275	0.45098039215686275	increase	increase	False	False
NZL	New Zealand	nzl_wp_only	nzl_ap_with_prn	additive_probability_offset	-0.55				0.0	0.45098039215686275	0.038461538461538464	0.4519230769230769	0.0	0.0	0.0	0.45098039215686275	0.45098039215686275	0.45098039215686275	increase	increase	False	False
NZL	New Zealand	nzl_wp_only	nzl_ap_with_prn	additive_probability_offset	-0.5				0.0	0.45098039215686275	0.038461538461538464	0.4519230769230769	0.0	0.0	0.0	0.45098039215686275	0.45098039215686275	0.45098039215686275	increase	increase	False	False
NZL	New Zealand	nzl_wp_only	nzl_ap_with_prn	additive_probability_offset	-0.45				0.0	0.45098039215686275	0.038461538461538464	0.4519230769230769	0.0	0.0009803921568627416	0.0	0.45098039215686275	0.45098039215686275	0.45098039215686275	increase	increase	False	False
NZL	New Zealand	nzl_wp_only	nzl_ap_with_prn	additive_probability_offset	-0.4				0.0	0.45098039215686275	0.038461538461538464	0.4519230769230769	0.0	0.05098039215686273	0.0	0.45098039215686275	0.45098039215686275	0.45098039215686275	increase	increase	False	False
NZL	New Zealand	nzl_wp_only	nzl_ap_with_prn	additive_probability_offset	-0.35				0.0	0.45098039215686275	0.038461538461538464	0.4519230769230769	0.0	0.10098039215686277	0.0	0.45098039215686275	0.45098039215686275	0.45098039215686275	increase	increase	False	False
NZL	New Zealand	nzl_wp_only	nzl_ap_with_prn	additive_probability_offset	-0.3				0.0	0.45098039215686275	0.038461538461538464	0.4519230769230769	0.0	0.15098039215686276	0.0	0.45098039215686275	0.45098039215686275	0.45098039215686275	increase	increase	False	False
NZL	New Zealand	nzl_wp_only	nzl_ap_with_prn	additive_probability_offset	-0.25				0.0	0.45098039215686275	0.038461538461538464	0.4519230769230769	0.0	0.20098039215686275	0.0	0.45098039215686275	0.45098039215686275	0.45098039215686275	increase	increase	False	False
NZL	New Zealand	nzl_wp_only	nzl_ap_with_prn	additive_probability_offset	-0.2				0.0	0.45098039215686275	0.038461538461538464	0.4519230769230769	0.0	0.25098039215686274	0.0	0.45098039215686275	0.45098039215686275	0.45098039215686275	increase	increase	False	False
NZL	New Zealand	nzl_wp_only	nzl_ap_with_prn	additive_probability_offset	-0.15				0.0	0.45098039215686275	0.038461538461538464	0.4519230769230769	0.0	0.3009803921568628	0.0	0.45098039215686275	0.45098039215686275	0.45098039215686275	increase	increase	False	False
NZL	New Zealand	nzl_wp_only	nzl_ap_with_prn	additive_probability_offset	-0.1				0.0	0.45098039215686275	0.038461538461538464	0.4519230769230769	0.0	0.3509803921568627	0.0	0.45098039215686275	0.45098039215686275	0.45098039215686275	increase	increase	False	False
NZL	New Zealand	nzl_wp_only	nzl_ap_with_prn	additive_probability_offset	-0.05				0.0	0.45098039215686275	0.038461538461538464	0.4519230769230769	0.0	0.40098039215686276	0.0	0.45098039215686275	0.45098039215686275	0.45098039215686275	increase	increase	False	False
NZL	New Zealand	nzl_wp_only	nzl_ap_with_prn	additive_probability_offset	0.0				0.0	0.45098039215686275	0.038461538461538464	0.4519230769230769	0.0	0.45098039215686275	0.0	0.45098039215686275	0.45098039215686275	0.45098039215686275	increase	increase	False	False
NZL	New Zealand	nzl_wp_only	nzl_ap_with_prn	additive_probability_offset	0.05				0.0	0.45098039215686275	0.038461538461538464	0.4519230769230769	0.05	0.5009803921568627	0.0	0.45098039215686275	0.45098039215686275	0.45098039215686275	increase	increase	False	False
NZL	New Zealand	nzl_wp_only	nzl_ap_with_prn	additive_probability_offset	0.1				0.0	0.45098039215686275	0.038461538461538464	0.4519230769230769	0.1	0.5509803921568628	0.0	0.45098039215686275	0.45098039215686275	0.45098039215686275	increase	increase	False	False
NZL	New Zealand	nzl_wp_only	nzl_ap_with_prn	additive_probability_offset	0.15				0.0	0.45098039215686275	0.038461538461538464	0.4519230769230769	0.15	0.6009803921568627	0.0	0.45098039215686275	0.45098039215686275	0.45098039215686275	increase	increase	False	False
NZL	New Zealand	nzl_wp_only	nzl_ap_with_prn	additive_probability_offset	0.2				0.0	0.45098039215686275	0.038461538461538464	0.4519230769230769	0.2	0.6509803921568628	0.0	0.45098039215686275	0.45098039215686275	0.45098039215686275	increase	increase	False	False
NZL	New Zealand	nzl_wp_only	nzl_ap_with_prn	additive_probability_offset	0.25				0.0	0.45098039215686275	0.038461538461538464	0.4519230769230769	0.25	0.7009803921568627	0.0	0.45098039215686275	0.45098039215686275	0.45098039215686275	increase	increase	False	False
NZL	New Zealand	nzl_wp_only	nzl_ap_with_prn	additive_probability_offset	0.3				0.0	0.45098039215686275	0.038461538461538464	0.4519230769230769	0.3	0.7509803921568627	0.0	0.45098039215686275	0.45098039215686275	0.45098039215686275	increase	increase	False	False
NZL	New Zealand	nzl_wp_only	nzl_ap_with_prn	additive_probability_offset	0.35				0.0	0.45098039215686275	0.038461538461538464	0.4519230769230769	0.35	0.8009803921568628	0.0	0.45098039215686275	0.45098039215686275	0.45098039215686275	increase	increase	False	False
NZL	New Zealand	nzl_wp_only	nzl_ap_with_prn	additive_probability_offset	0.4				0.0	0.45098039215686275	0.038461538461538464	0.4519230769230769	0.4	0.8509803921568628	0.0	0.45098039215686275	0.45098039215686275	0.45098039215686275	increase	increase	False	False
NZL	New Zealand	nzl_wp_only	nzl_ap_with_prn	additive_probability_offset	0.45				0.0	0.45098039215686275	0.038461538461538464	0.4519230769230769	0.45	0.9009803921568628	0.0	0.45098039215686275	0.45098039215686275	0.45098039215686275	increase	increase	False	False
NZL	New Zealand	nzl_wp_only	nzl_ap_with_prn	additive_probability_offset	0.5				0.0	0.45098039215686275	0.038461538461538464	0.4519230769230769	0.5	0.9509803921568627	0.0	0.45098039215686275	0.45098039215686275	0.45098039215686275	increase	increase	False	False
NZL	New Zealand	nzl_wp_only	nzl_ap_with_prn	additive_probability_offset	0.55				0.0	0.45098039215686275	0.038461538461538464	0.4519230769230769	0.55	1.0	0.0	0.45098039215686275	0.45098039215686275	0.45098039215686275	increase	increase	False	False
NZL	New Zealand	nzl_wp_only	nzl_ap_with_prn	additive_probability_offset	0.6				0.0	0.45098039215686275	0.038461538461538464	0.4519230769230769	0.6	1.0	0.0	0.45098039215686275	0.45098039215686275	0.45098039215686275	increase	increase	False	False
NZL	New Zealand	nzl_wp_only	nzl_ap_with_prn	additive_probability_offset	0.65				0.0	0.45098039215686275	0.038461538461538464	0.4519230769230769	0.65	1.0	0.0	0.45098039215686275	0.45098039215686275	0.45098039215686275	increase	increase	False	False
NZL	New Zealand	nzl_wp_only	nzl_ap_with_prn	additive_probability_offset	0.7				0.0	0.45098039215686275	0.038461538461538464	0.4519230769230769	0.7	1.0	0.0	0.45098039215686275	0.45098039215686275	0.45098039215686275	increase	increase	False	False
NZL	New Zealand	nzl_wp_only	nzl_ap_with_prn	additive_probability_offset	0.75				0.0	0.45098039215686275	0.038461538461538464	0.4519230769230769	0.75	1.0	0.0	0.45098039215686275	0.45098039215686275	0.45098039215686275	increase	increase	False	False
NZL	New Zealand	nzl_wp_only	nzl_ap_with_prn	additive_probability_offset	0.8				0.0	0.45098039215686275	0.038461538461538464	0.4519230769230769	0.8	1.0	0.0	0.45098039215686275	0.45098039215686275	0.45098039215686275	increase	increase	False	False
NZL	New Zealand	nzl_wp_only	nzl_ap_with_prn	additive_probability_offset	0.85				0.0	0.45098039215686275	0.038461538461538464	0.4519230769230769	0.85	1.0	0.0	0.45098039215686275	0.45098039215686275	0.45098039215686275	increase	increase	False	False
NZL	New Zealand	nzl_wp_only	nzl_ap_with_prn	additive_probability_offset	0.9				0.0	0.45098039215686275	0.038461538461538464	0.4519230769230769	0.9	1.0	0.0	0.45098039215686275	0.45098039215686275	0.45098039215686275	increase	increase	False	False
NZL	New Zealand	nzl_wp_only	nzl_ap_with_prn	additive_probability_offset	0.95				0.0	0.45098039215686275	0.038461538461538464	0.4519230769230769	0.95	1.0	0.0	0.45098039215686275	0.45098039215686275	0.45098039215686275	increase	increase	False	False
NZL	New Zealand	nzl_wp_only	nzl_ap_with_prn	additive_probability_offset	1.0				0.0	0.45098039215686275	0.038461538461538464	0.4519230769230769	1.0	1.0	0.0	0.45098039215686275	0.45098039215686275	0.45098039215686275	increase	increase	False	False
NZL	New Zealand	nzl_wp_only	nzl_ap_with_prn	odds_multiplier_pattern_mixture		0.25	0.25	2.0	0.0	0.45098039215686275	0.038461538461538464	0.4519230769230769	0.009900990099009901	0.17090909090909087	0.0	0.45098039215686275	0.45098039215686275	0.45098039215686275	increase	increase	False	False
NZL	New Zealand	nzl_wp_only	nzl_ap_with_prn	odds_multiplier_pattern_mixture		0.25	0.5	2.0	0.0	0.45098039215686275	0.038461538461538464	0.4519230769230769	0.009900990099009901	0.2919254658385093	0.0	0.45098039215686275	0.45098039215686275	0.45098039215686275	increase	increase	False	False
NZL	New Zealand	nzl_wp_only	nzl_ap_with_prn	odds_multiplier_pattern_mixture		0.25	1.0	2.0	0.0	0.45098039215686275	0.038461538461538464	0.4519230769230769	0.009900990099009901	0.45192307692307687	0.0	0.45098039215686275	0.45098039215686275	0.45098039215686275	increase	increase	False	False
NZL	New Zealand	nzl_wp_only	nzl_ap_with_prn	odds_multiplier_pattern_mixture		0.25	2.0	2.0	0.0	0.45098039215686275	0.038461538461538464	0.4519230769230769	0.009900990099009901	0.6225165562913907	0.0	0.45098039215686275	0.45098039215686275	0.45098039215686275	increase	increase	False	False
NZL	New Zealand	nzl_wp_only	nzl_ap_with_prn	odds_multiplier_pattern_mixture		0.25	4.0	2.0	0.0	0.45098039215686275	0.038461538461538464	0.4519230769230769	0.009900990099009901	0.7673469387755102	0.0	0.45098039215686275	0.45098039215686275	0.45098039215686275	increase	increase	False	False
NZL	New Zealand	nzl_wp_only	nzl_ap_with_prn	odds_multiplier_pattern_mixture		0.25	8.0	3.0	0.0	0.45098039215686275	0.038461538461538464	0.4519230769230769	0.009900990099009901	0.8683602771362586	0.0	0.45098039215686275	0.45098039215686275	0.45098039215686275	increase	increase	False	False
NZL	New Zealand	nzl_wp_only	nzl_ap_with_prn	odds_multiplier_pattern_mixture		0.5	0.25	2.0	0.0	0.45098039215686275	0.038461538461538464	0.4519230769230769	0.0196078431372549	0.17090909090909087	0.0	0.45098039215686275	0.45098039215686275	0.45098039215686275	increase	increase	False	False
NZL	New Zealand	nzl_wp_only	nzl_ap_with_prn	odds_multiplier_pattern_mixture		0.5	0.5	1.0	0.0	0.45098039215686275	0.038461538461538464	0.4519230769230769	0.0196078431372549	0.2919254658385093	0.0	0.45098039215686275	0.45098039215686275	0.45098039215686275	increase	increase	False	False
NZL	New Zealand	nzl_wp_only	nzl_ap_with_prn	odds_multiplier_pattern_mixture		0.5	1.0	1.0	0.0	0.45098039215686275	0.038461538461538464	0.4519230769230769	0.0196078431372549	0.45192307692307687	0.0	0.45098039215686275	0.45098039215686275	0.45098039215686275	increase	increase	False	False
NZL	New Zealand	nzl_wp_only	nzl_ap_with_prn	odds_multiplier_pattern_mixture		0.5	2.0	1.0	0.0	0.45098039215686275	0.038461538461538464	0.4519230769230769	0.0196078431372549	0.6225165562913907	0.0	0.45098039215686275	0.45098039215686275	0.45098039215686275	increase	increase	False	False
NZL	New Zealand	nzl_wp_only	nzl_ap_with_prn	odds_multiplier_pattern_mixture		0.5	4.0	2.0	0.0	0.45098039215686275	0.038461538461538464	0.4519230769230769	0.0196078431372549	0.7673469387755102	0.0	0.45098039215686275	0.45098039215686275	0.45098039215686275	increase	increase	False	False
NZL	New Zealand	nzl_wp_only	nzl_ap_with_prn	odds_multiplier_pattern_mixture		0.5	8.0	3.0	0.0	0.45098039215686275	0.038461538461538464	0.4519230769230769	0.0196078431372549	0.8683602771362586	0.0	0.45098039215686275	0.45098039215686275	0.45098039215686275	increase	increase	False	False
NZL	New Zealand	nzl_wp_only	nzl_ap_with_prn	odds_multiplier_pattern_mixture		1.0	0.25	2.0	0.0	0.45098039215686275	0.038461538461538464	0.4519230769230769	0.038461538461538464	0.17090909090909087	0.0	0.45098039215686275	0.45098039215686275	0.45098039215686275	increase	increase	False	False
NZL	New Zealand	nzl_wp_only	nzl_ap_with_prn	odds_multiplier_pattern_mixture		1.0	0.5	1.0	0.0	0.45098039215686275	0.038461538461538464	0.4519230769230769	0.038461538461538464	0.2919254658385093	0.0	0.45098039215686275	0.45098039215686275	0.45098039215686275	increase	increase	False	False
NZL	New Zealand	nzl_wp_only	nzl_ap_with_prn	odds_multiplier_pattern_mixture		1.0	1.0	0.0	0.0	0.45098039215686275	0.038461538461538464	0.4519230769230769	0.038461538461538464	0.45192307692307687	0.0	0.45098039215686275	0.45098039215686275	0.45098039215686275	increase	increase	False	False
NZL	New Zealand	nzl_wp_only	nzl_ap_with_prn	odds_multiplier_pattern_mixture		1.0	2.0	1.0	0.0	0.45098039215686275	0.038461538461538464	0.4519230769230769	0.038461538461538464	0.6225165562913907	0.0	0.45098039215686275	0.45098039215686275	0.45098039215686275	increase	increase	False	False
NZL	New Zealand	nzl_wp_only	nzl_ap_with_prn	odds_multiplier_pattern_mixture		1.0	4.0	2.0	0.0	0.45098039215686275	0.038461538461538464	0.4519230769230769	0.038461538461538464	0.7673469387755102	0.0	0.45098039215686275	0.45098039215686275	0.45098039215686275	increase	increase	False	False
NZL	New Zealand	nzl_wp_only	nzl_ap_with_prn	odds_multiplier_pattern_mixture		1.0	8.0	3.0	0.0	0.45098039215686275	0.038461538461538464	0.4519230769230769	0.038461538461538464	0.8683602771362586	0.0	0.45098039215686275	0.45098039215686275	0.45098039215686275	increase	increase	False	False
NZL	New Zealand	nzl_wp_only	nzl_ap_with_prn	odds_multiplier_pattern_mixture		2.0	0.25	2.0	0.0	0.45098039215686275	0.038461538461538464	0.4519230769230769	0.07407407407407407	0.17090909090909087	0.0	0.45098039215686275	0.45098039215686275	0.45098039215686275	increase	increase	False	False
NZL	New Zealand	nzl_wp_only	nzl_ap_with_prn	odds_multiplier_pattern_mixture		2.0	0.5	1.0	0.0	0.45098039215686275	0.038461538461538464	0.4519230769230769	0.07407407407407407	0.2919254658385093	0.0	0.45098039215686275	0.45098039215686275	0.45098039215686275	increase	increase	False	False
NZL	New Zealand	nzl_wp_only	nzl_ap_with_prn	odds_multiplier_pattern_mixture		2.0	1.0	1.0	0.0	0.45098039215686275	0.038461538461538464	0.4519230769230769	0.07407407407407407	0.45192307692307687	0.0	0.45098039215686275	0.45098039215686275	0.45098039215686275	increase	increase	False	False
NZL	New Zealand	nzl_wp_only	nzl_ap_with_prn	odds_multiplier_pattern_mixture		2.0	2.0	1.0	0.0	0.45098039215686275	0.038461538461538464	0.4519230769230769	0.07407407407407407	0.6225165562913907	0.0	0.45098039215686275	0.45098039215686275	0.45098039215686275	increase	increase	False	False
NZL	New Zealand	nzl_wp_only	nzl_ap_with_prn	odds_multiplier_pattern_mixture		2.0	4.0	2.0	0.0	0.45098039215686275	0.038461538461538464	0.4519230769230769	0.07407407407407407	0.7673469387755102	0.0	0.45098039215686275	0.45098039215686275	0.45098039215686275	increase	increase	False	False
NZL	New Zealand	nzl_wp_only	nzl_ap_with_prn	odds_multiplier_pattern_mixture		2.0	8.0	3.0	0.0	0.45098039215686275	0.038461538461538464	0.4519230769230769	0.07407407407407407	0.8683602771362586	0.0	0.45098039215686275	0.45098039215686275	0.45098039215686275	increase	increase	False	False
NZL	New Zealand	nzl_wp_only	nzl_ap_with_prn	odds_multiplier_pattern_mixture		4.0	0.25	2.0	0.0	0.45098039215686275	0.038461538461538464	0.4519230769230769	0.13793103448275865	0.17090909090909087	0.0	0.45098039215686275	0.45098039215686275	0.45098039215686275	increase	increase	False	False
NZL	New Zealand	nzl_wp_only	nzl_ap_with_prn	odds_multiplier_pattern_mixture		4.0	0.5	2.0	0.0	0.45098039215686275	0.038461538461538464	0.4519230769230769	0.13793103448275865	0.2919254658385093	0.0	0.45098039215686275	0.45098039215686275	0.45098039215686275	increase	increase	False	False
NZL	New Zealand	nzl_wp_only	nzl_ap_with_prn	odds_multiplier_pattern_mixture		4.0	1.0	2.0	0.0	0.45098039215686275	0.038461538461538464	0.4519230769230769	0.13793103448275865	0.45192307692307687	0.0	0.45098039215686275	0.45098039215686275	0.45098039215686275	increase	increase	False	False
NZL	New Zealand	nzl_wp_only	nzl_ap_with_prn	odds_multiplier_pattern_mixture		4.0	2.0	2.0	0.0	0.45098039215686275	0.038461538461538464	0.4519230769230769	0.13793103448275865	0.6225165562913907	0.0	0.45098039215686275	0.45098039215686275	0.45098039215686275	increase	increase	False	False
NZL	New Zealand	nzl_wp_only	nzl_ap_with_prn	odds_multiplier_pattern_mixture		4.0	4.0	2.0	0.0	0.45098039215686275	0.038461538461538464	0.4519230769230769	0.13793103448275865	0.7673469387755102	0.0	0.45098039215686275	0.45098039215686275	0.45098039215686275	increase	increase	False	False
NZL	New Zealand	nzl_wp_only	nzl_ap_with_prn	odds_multiplier_pattern_mixture		4.0	8.0	3.0	0.0	0.45098039215686275	0.038461538461538464	0.4519230769230769	0.13793103448275865	0.8683602771362586	0.0	0.45098039215686275	0.45098039215686275	0.45098039215686275	increase	increase	False	False
NZL	New Zealand	nzl_wp_only	nzl_ap_with_prn	odds_multiplier_pattern_mixture		8.0	0.25	3.0	0.0	0.45098039215686275	0.038461538461538464	0.4519230769230769	0.24242424242424243	0.17090909090909087	0.0	0.45098039215686275	0.45098039215686275	0.45098039215686275	increase	increase	False	False
NZL	New Zealand	nzl_wp_only	nzl_ap_with_prn	odds_multiplier_pattern_mixture		8.0	0.5	3.0	0.0	0.45098039215686275	0.038461538461538464	0.4519230769230769	0.24242424242424243	0.2919254658385093	0.0	0.45098039215686275	0.45098039215686275	0.45098039215686275	increase	increase	False	False
NZL	New Zealand	nzl_wp_only	nzl_ap_with_prn	odds_multiplier_pattern_mixture		8.0	1.0	3.0	0.0	0.45098039215686275	0.038461538461538464	0.4519230769230769	0.24242424242424243	0.45192307692307687	0.0	0.45098039215686275	0.45098039215686275	0.45098039215686275	increase	increase	False	False
NZL	New Zealand	nzl_wp_only	nzl_ap_with_prn	odds_multiplier_pattern_mixture		8.0	2.0	3.0	0.0	0.45098039215686275	0.038461538461538464	0.4519230769230769	0.24242424242424243	0.6225165562913907	0.0	0.45098039215686275	0.45098039215686275	0.45098039215686275	increase	increase	False	False
NZL	New Zealand	nzl_wp_only	nzl_ap_with_prn	odds_multiplier_pattern_mixture		8.0	4.0	3.0	0.0	0.45098039215686275	0.038461538461538464	0.4519230769230769	0.24242424242424243	0.7673469387755102	0.0	0.45098039215686275	0.45098039215686275	0.45098039215686275	increase	increase	False	False
NZL	New Zealand	nzl_wp_only	nzl_ap_with_prn	odds_multiplier_pattern_mixture		8.0	8.0	3.0	0.0	0.45098039215686275	0.038461538461538464	0.4519230769230769	0.24242424242424243	0.8683602771362586	0.0	0.45098039215686275	0.45098039215686275	0.45098039215686275	increase	increase	False	False
USA	United States	usa_wp_only	usa_ap_prn_background	additive_probability_offset	-1.0				0.2857142857142857	0.5777525539160046	0.29545454545454547	0.5776643990929705	0.0	0.0	0.2608695652173913	0.5538628944504896	0.29203826820171885	0.29299332923309834	increase	increase	False	False
USA	United States	usa_wp_only	usa_ap_prn_background	additive_probability_offset	-0.95				0.2857142857142857	0.5777525539160046	0.29545454545454547	0.5776643990929705	0.0	0.0	0.2608695652173913	0.5538628944504896	0.29203826820171885	0.29299332923309834	increase	increase	False	False
USA	United States	usa_wp_only	usa_ap_prn_background	additive_probability_offset	-0.9				0.2857142857142857	0.5777525539160046	0.29545454545454547	0.5776643990929705	0.0	0.0	0.2608695652173913	0.5538628944504896	0.29203826820171885	0.29299332923309834	increase	increase	False	False
USA	United States	usa_wp_only	usa_ap_prn_background	additive_probability_offset	-0.85				0.2857142857142857	0.5777525539160046	0.29545454545454547	0.5776643990929705	0.0	0.0	0.2608695652173913	0.5538628944504896	0.29203826820171885	0.29299332923309834	increase	increase	False	False
USA	United States	usa_wp_only	usa_ap_prn_background	additive_probability_offset	-0.8				0.2857142857142857	0.5777525539160046	0.29545454545454547	0.5776643990929705	0.0	0.0	0.2608695652173913	0.5538628944504896	0.29203826820171885	0.29299332923309834	increase	increase	False	False
USA	United States	usa_wp_only	usa_ap_prn_background	additive_probability_offset	-0.75				0.2857142857142857	0.5777525539160046	0.29545454545454547	0.5776643990929705	0.0	0.0	0.2608695652173913	0.5538628944504896	0.29203826820171885	0.29299332923309834	increase	increase	False	False
USA	United States	usa_wp_only	usa_ap_prn_background	additive_probability_offset	-0.7				0.2857142857142857	0.5777525539160046	0.29545454545454547	0.5776643990929705	0.0	0.0	0.2608695652173913	0.5538628944504896	0.29203826820171885	0.29299332923309834	increase	increase	False	False
USA	United States	usa_wp_only	usa_ap_prn_background	additive_probability_offset	-0.65				0.2857142857142857	0.5777525539160046	0.29545454545454547	0.5776643990929705	0.0	0.0	0.2608695652173913	0.5538628944504896	0.29203826820171885	0.29299332923309834	increase	increase	False	False
USA	United States	usa_wp_only	usa_ap_prn_background	additive_probability_offset	-0.6				0.2857142857142857	0.5777525539160046	0.29545454545454547	0.5776643990929705	0.0	0.0	0.2608695652173913	0.5538628944504896	0.29203826820171885	0.29299332923309834	increase	increase	False	False
USA	United States	usa_wp_only	usa_ap_prn_background	additive_probability_offset	-0.55				0.2857142857142857	0.5777525539160046	0.29545454545454547	0.5776643990929705	0.0	0.027752553916004508	0.2608695652173913	0.5550104429257978	0.29203826820171885	0.2941408777084065	increase	increase	False	False
USA	United States	usa_wp_only	usa_ap_prn_background	additive_probability_offset	-0.5				0.2857142857142857	0.5777525539160046	0.29545454545454547	0.5776643990929705	0.0	0.07775255391600455	0.2608695652173913	0.5570779075612712	0.29203826820171885	0.2962083423438799	increase	increase	False	False
USA	United States	usa_wp_only	usa_ap_prn_background	additive_probability_offset	-0.45				0.2857142857142857	0.5777525539160046	0.29545454545454547	0.5776643990929705	0.0	0.12775255391600454	0.2608695652173913	0.5591453721967444	0.29203826820171885	0.29827580697935313	increase	increase	False	False
USA	United States	usa_wp_only	usa_ap_prn_background	additive_probability_offset	-0.4				0.2857142857142857	0.5777525539160046	0.29545454545454547	0.5776643990929705	0.0	0.17775255391600453	0.2608695652173913	0.5612128368322178	0.29203826820171885	0.3003432716148265	increase	increase	False	False
USA	United States	usa_wp_only	usa_ap_prn_background	additive_probability_offset	-0.35				0.2857142857142857	0.5777525539160046	0.29545454545454547	0.5776643990929705	0.0	0.22775255391600457	0.2608695652173913	0.5632803014676913	0.29203826820171885	0.30241073625029996	increase	increase	False	False
USA	United States	usa_wp_only	usa_ap_prn_background	additive_probability_offset	-0.3				0.2857142857142857	0.5777525539160046	0.29545454545454547	0.5776643990929705	0.0	0.27775255391600456	0.2608695652173913	0.5653477661031645	0.29203826820171885	0.3044782008857732	increase	increase	False	False
USA	United States	usa_wp_only	usa_ap_prn_background	additive_probability_offset	-0.25				0.2857142857142857	0.5777525539160046	0.29545454545454547	0.5776643990929705	0.0357142857142857	0.32775255391600455	0.2639751552795031	0.5674152307386379	0.29203826820171885	0.30344007545913476	increase	increase	False	False
USA	United States	usa_wp_only	usa_ap_prn_background	additive_probability_offset	-0.2				0.2857142857142857	0.5777525539160046	0.29545454545454547	0.5776643990929705	0.08571428571428569	0.37775255391600454	0.26832298136645966	0.5694826953741111	0.29203826820171885	0.30115971400765146	increase	increase	False	False
USA	United States	usa_wp_only	usa_ap_prn_background	additive_probability_offset	-0.15				0.2857142857142857	0.5777525539160046	0.29545454545454547	0.5776643990929705	0.1357142857142857	0.42775255391600453	0.27267080745341615	0.5715501600095845	0.29203826820171885	0.2988793525561683	increase	increase	False	False
USA	United States	usa_wp_only	usa_ap_prn_background	additive_probability_offset	-0.1				0.2857142857142857	0.5777525539160046	0.29545454545454547	0.5776643990929705	0.1857142857142857	0.4777525539160046	0.27701863354037265	0.5736176246450579	0.29203826820171885	0.2965989911046853	increase	increase	False	False
USA	United States	usa_wp_only	usa_ap_prn_background	additive_probability_offset	-0.05				0.2857142857142857	0.5777525539160046	0.29545454545454547	0.5776643990929705	0.2357142857142857	0.5277525539160045	0.2813664596273292	0.5756850892805312	0.29203826820171885	0.294318629653202	increase	increase	False	False
USA	United States	usa_wp_only	usa_ap_prn_background	additive_probability_offset	0.0				0.2857142857142857	0.5777525539160046	0.29545454545454547	0.5776643990929705	0.2857142857142857	0.5777525539160046	0.2857142857142857	0.5777525539160046	0.29203826820171885	0.29203826820171885	increase	increase	False	False
USA	United States	usa_wp_only	usa_ap_prn_background	additive_probability_offset	0.05				0.2857142857142857	0.5777525539160046	0.29545454545454547	0.5776643990929705	0.3357142857142857	0.6277525539160046	0.29006211180124225	0.5798200185514779	0.29203826820171885	0.28975790675023566	increase	increase	False	False
USA	United States	usa_wp_only	usa_ap_prn_background	additive_probability_offset	0.1				0.2857142857142857	0.5777525539160046	0.29545454545454547	0.5776643990929705	0.3857142857142857	0.6777525539160045	0.29440993788819875	0.5818874831869512	0.29203826820171885	0.2874775452987524	increase	increase	False	False
USA	United States	usa_wp_only	usa_ap_prn_background	additive_probability_offset	0.15				0.2857142857142857	0.5777525539160046	0.29545454545454547	0.5776643990929705	0.4357142857142857	0.7277525539160046	0.2987577639751553	0.5839549478224246	0.29203826820171885	0.28519718384726933	increase	increase	False	False
USA	United States	usa_wp_only	usa_ap_prn_background	additive_probability_offset	0.2				0.2857142857142857	0.5777525539160046	0.29545454545454547	0.5776643990929705	0.4857142857142857	0.7777525539160046	0.3031055900621118	0.586022412457898	0.29203826820171885	0.2829168223957862	increase	increase	False	False
USA	United States	usa_wp_only	usa_ap_prn_background	additive_probability_offset	0.25				0.2857142857142857	0.5777525539160046	0.29545454545454547	0.5776643990929705	0.5357142857142857	0.8277525539160046	0.3074534161490683	0.5880898770933712	0.29203826820171885	0.28063646094430295	increase	increase	False	False
USA	United States	usa_wp_only	usa_ap_prn_background	additive_probability_offset	0.3				0.2857142857142857	0.5777525539160046	0.29545454545454547	0.5776643990929705	0.5857142857142856	0.8777525539160045	0.31180124223602484	0.5901573417288446	0.29203826820171885	0.27835609949281975	increase	increase	False	False
USA	United States	usa_wp_only	usa_ap_prn_background	additive_probability_offset	0.35				0.2857142857142857	0.5777525539160046	0.29545454545454547	0.5776643990929705	0.6357142857142857	0.9277525539160045	0.31614906832298134	0.5922248063643178	0.29203826820171885	0.2760757380413365	increase	increase	False	False
USA	United States	usa_wp_only	usa_ap_prn_background	additive_probability_offset	0.4				0.2857142857142857	0.5777525539160046	0.29545454545454547	0.5776643990929705	0.6857142857142857	0.9777525539160046	0.3204968944099379	0.5942922709997913	0.29203826820171885	0.2737953765898534	increase	increase	False	False
USA	United States	usa_wp_only	usa_ap_prn_background	additive_probability_offset	0.45				0.2857142857142857	0.5777525539160046	0.29545454545454547	0.5776643990929705	0.7357142857142858	1.0	0.3248447204968944	0.5952121871599565	0.29203826820171885	0.2703674666630621	increase	increase	False	False
USA	United States	usa_wp_only	usa_ap_prn_background	additive_probability_offset	0.5				0.2857142857142857	0.5777525539160046	0.29545454545454547	0.5776643990929705	0.7857142857142857	1.0	0.32919254658385094	0.5952121871599565	0.29203826820171885	0.26601964057610555	increase	increase	False	False
USA	United States	usa_wp_only	usa_ap_prn_background	additive_probability_offset	0.55				0.2857142857142857	0.5777525539160046	0.29545454545454547	0.5776643990929705	0.8357142857142857	1.0	0.33354037267080744	0.5952121871599565	0.29203826820171885	0.26167181448914906	increase	increase	False	False
USA	United States	usa_wp_only	usa_ap_prn_background	additive_probability_offset	0.6				0.2857142857142857	0.5777525539160046	0.29545454545454547	0.5776643990929705	0.8857142857142857	1.0	0.337888198757764	0.5952121871599565	0.29203826820171885	0.2573239884021925	increase	increase	False	False
USA	United States	usa_wp_only	usa_ap_prn_background	additive_probability_offset	0.65				0.2857142857142857	0.5777525539160046	0.29545454545454547	0.5776643990929705	0.9357142857142857	1.0	0.34223602484472054	0.5952121871599565	0.29203826820171885	0.25297616231523595	increase	increase	False	False
USA	United States	usa_wp_only	usa_ap_prn_background	additive_probability_offset	0.7				0.2857142857142857	0.5777525539160046	0.29545454545454547	0.5776643990929705	0.9857142857142857	1.0	0.34658385093167704	0.5952121871599565	0.29203826820171885	0.24862833622827946	increase	increase	False	False
USA	United States	usa_wp_only	usa_ap_prn_background	additive_probability_offset	0.75				0.2857142857142857	0.5777525539160046	0.29545454545454547	0.5776643990929705	1.0	1.0	0.34782608695652173	0.5952121871599565	0.29203826820171885	0.24738610020343477	increase	increase	False	False
USA	United States	usa_wp_only	usa_ap_prn_background	additive_probability_offset	0.8				0.2857142857142857	0.5777525539160046	0.29545454545454547	0.5776643990929705	1.0	1.0	0.34782608695652173	0.5952121871599565	0.29203826820171885	0.24738610020343477	increase	increase	False	False
USA	United States	usa_wp_only	usa_ap_prn_background	additive_probability_offset	0.85				0.2857142857142857	0.5777525539160046	0.29545454545454547	0.5776643990929705	1.0	1.0	0.34782608695652173	0.5952121871599565	0.29203826820171885	0.24738610020343477	increase	increase	False	False
USA	United States	usa_wp_only	usa_ap_prn_background	additive_probability_offset	0.9				0.2857142857142857	0.5777525539160046	0.29545454545454547	0.5776643990929705	1.0	1.0	0.34782608695652173	0.5952121871599565	0.29203826820171885	0.24738610020343477	increase	increase	False	False
USA	United States	usa_wp_only	usa_ap_prn_background	additive_probability_offset	0.95				0.2857142857142857	0.5777525539160046	0.29545454545454547	0.5776643990929705	1.0	1.0	0.34782608695652173	0.5952121871599565	0.29203826820171885	0.24738610020343477	increase	increase	False	False
USA	United States	usa_wp_only	usa_ap_prn_background	additive_probability_offset	1.0				0.2857142857142857	0.5777525539160046	0.29545454545454547	0.5776643990929705	1.0	1.0	0.34782608695652173	0.5952121871599565	0.29203826820171885	0.24738610020343477	increase	increase	False	False
USA	United States	usa_wp_only	usa_ap_prn_background	odds_multiplier_pattern_mixture		0.25	0.25	2.0	0.2857142857142857	0.5777525539160046	0.29545454545454547	0.5776643990929705	0.09489051094890512	0.25481370342585646	0.269120913995557	0.5643992608598287	0.29203826820171885	0.29527834686427173	increase	increase	False	False
USA	United States	usa_wp_only	usa_ap_prn_background	odds_multiplier_pattern_mixture		0.25	0.5	2.0	0.2857142857142857	0.5777525539160046	0.29545454545454547	0.5776643990929705	0.09489051094890512	0.40613790354723	0.269120913995557	0.5706564095046732	0.29203826820171885	0.30153549550911624	increase	increase	False	False
USA	United States	usa_wp_only	usa_ap_prn_background	odds_multiplier_pattern_mixture		0.25	1.0	2.0	0.2857142857142857	0.5777525539160046	0.29545454545454547	0.5776643990929705	0.09489051094890512	0.5776643990929705	0.269120913995557	0.5777489087764232	0.29203826820171885	0.30862799478086617	increase	increase	False	False
USA	United States	usa_wp_only	usa_ap_prn_background	odds_multiplier_pattern_mixture		0.25	2.0	2.0	0.2857142857142857	0.5777525539160046	0.29545454545454547	0.5776643990929705	0.09489051094890512	0.732303269852677	0.269120913995557	0.5841431167077277	0.29203826820171885	0.3150222027121707	increase	increase	False	False
USA	United States	usa_wp_only	usa_ap_prn_background	odds_multiplier_pattern_mixture		0.25	4.0	2.0	0.2857142857142857	0.5777525539160046	0.29545454545454547	0.5776643990929705	0.09489051094890512	0.845467745281062	0.269120913995557	0.5888223877265293	0.29203826820171885	0.3197014737309723	increase	increase	False	False
USA	United States	usa_wp_only	usa_ap_prn_background	odds_multiplier_pattern_mixture		0.25	8.0	3.0	0.2857142857142857	0.5777525539160046	0.29545454545454547	0.5776643990929705	0.09489051094890512	0.9162639091828706	0.269120913995557	0.5917497590304125	0.29203826820171885	0.3226288450348555	increase	increase	False	False
USA	United States	usa_wp_only	usa_ap_prn_background	odds_multiplier_pattern_mixture		0.5	0.25	2.0	0.2857142857142857	0.5777525539160046	0.29545454545454547	0.5776643990929705	0.17333333333333334	0.25481370342585646	0.27594202898550724	0.5643992608598287	0.29203826820171885	0.2884572318743215	increase	increase	False	False
USA	United States	usa_wp_only	usa_ap_prn_background	odds_multiplier_pattern_mixture		0.5	0.5	1.0	0.2857142857142857	0.5777525539160046	0.29545454545454547	0.5776643990929705	0.17333333333333334	0.40613790354723	0.27594202898550724	0.5706564095046732	0.29203826820171885	0.294714380519166	increase	increase	False	False
USA	United States	usa_wp_only	usa_ap_prn_background	odds_multiplier_pattern_mixture		0.5	1.0	1.0	0.2857142857142857	0.5777525539160046	0.29545454545454547	0.5776643990929705	0.17333333333333334	0.5776643990929705	0.27594202898550724	0.5777489087764232	0.29203826820171885	0.3018068797909159	increase	increase	False	False
USA	United States	usa_wp_only	usa_ap_prn_background	odds_multiplier_pattern_mixture		0.5	2.0	1.0	0.2857142857142857	0.5777525539160046	0.29545454545454547	0.5776643990929705	0.17333333333333334	0.732303269852677	0.27594202898550724	0.5841431167077277	0.29203826820171885	0.30820108772222043	increase	increase	False	False
USA	United States	usa_wp_only	usa_ap_prn_background	odds_multiplier_pattern_mixture		0.5	4.0	2.0	0.2857142857142857	0.5777525539160046	0.29545454545454547	0.5776643990929705	0.17333333333333334	0.845467745281062	0.27594202898550724	0.5888223877265293	0.29203826820171885	0.31288035874102205	increase	increase	False	False
USA	United States	usa_wp_only	usa_ap_prn_background	odds_multiplier_pattern_mixture		0.5	8.0	3.0	0.2857142857142857	0.5777525539160046	0.29545454545454547	0.5776643990929705	0.17333333333333334	0.9162639091828706	0.27594202898550724	0.5917497590304125	0.29203826820171885	0.31580773004490525	increase	increase	False	False
USA	United States	usa_wp_only	usa_ap_prn_background	odds_multiplier_pattern_mixture		1.0	0.25	2.0	0.2857142857142857	0.5777525539160046	0.29545454545454547	0.5776643990929705	0.29545454545454547	0.25481370342585646	0.2865612648221344	0.5643992608598287	0.29203826820171885	0.2778379960376943	increase	increase	False	False
USA	United States	usa_wp_only	usa_ap_prn_background	odds_multiplier_pattern_mixture		1.0	0.5	1.0	0.2857142857142857	0.5777525539160046	0.29545454545454547	0.5776643990929705	0.29545454545454547	0.40613790354723	0.2865612648221344	0.5706564095046732	0.29203826820171885	0.2840951446825388	increase	increase	False	False
USA	United States	usa_wp_only	usa_ap_prn_background	odds_multiplier_pattern_mixture		1.0	1.0	0.0	0.2857142857142857	0.5777525539160046	0.29545454545454547	0.5776643990929705	0.29545454545454547	0.5776643990929705	0.2865612648221344	0.5777489087764232	0.29203826820171885	0.29118764395428876	increase	increase	False	False
USA	United States	usa_wp_only	usa_ap_prn_background	odds_multiplier_pattern_mixture		1.0	2.0	1.0	0.2857142857142857	0.5777525539160046	0.29545454545454547	0.5776643990929705	0.29545454545454547	0.732303269852677	0.2865612648221344	0.5841431167077277	0.29203826820171885	0.2975818518855933	increase	increase	False	False
USA	United States	usa_wp_only	usa_ap_prn_background	odds_multiplier_pattern_mixture		1.0	4.0	2.0	0.2857142857142857	0.5777525539160046	0.29545454545454547	0.5776643990929705	0.29545454545454547	0.845467745281062	0.2865612648221344	0.5888223877265293	0.29203826820171885	0.3022611229043949	increase	increase	False	False
USA	United States	usa_wp_only	usa_ap_prn_background	odds_multiplier_pattern_mixture		1.0	8.0	3.0	0.2857142857142857	0.5777525539160046	0.29545454545454547	0.5776643990929705	0.29545454545454547	0.9162639091828706	0.2865612648221344	0.5917497590304125	0.29203826820171885	0.3051884942082781	increase	increase	False	False
USA	United States	usa_wp_only	usa_ap_prn_background	odds_multiplier_pattern_mixture		2.0	0.25	2.0	0.2857142857142857	0.5777525539160046	0.29545454545454547	0.5776643990929705	0.45614035087719296	0.25481370342585646	0.30053394355453855	0.5643992608598287	0.29203826820171885	0.26386531730529017	increase	increase	False	False
USA	United States	usa_wp_only	usa_ap_prn_background	odds_multiplier_pattern_mixture		2.0	0.5	1.0	0.2857142857142857	0.5777525539160046	0.29545454545454547	0.5776643990929705	0.45614035087719296	0.40613790354723	0.30053394355453855	0.5706564095046732	0.29203826820171885	0.27012246595013467	increase	increase	False	False
USA	United States	usa_wp_only	usa_ap_prn_background	odds_multiplier_pattern_mixture		2.0	1.0	1.0	0.2857142857142857	0.5777525539160046	0.29545454545454547	0.5776643990929705	0.45614035087719296	0.5776643990929705	0.30053394355453855	0.5777489087764232	0.29203826820171885	0.2772149652218846	increase	increase	False	False
USA	United States	usa_wp_only	usa_ap_prn_background	odds_multiplier_pattern_mixture		2.0	2.0	1.0	0.2857142857142857	0.5777525539160046	0.29545454545454547	0.5776643990929705	0.45614035087719296	0.732303269852677	0.30053394355453855	0.5841431167077277	0.29203826820171885	0.2836091731531891	increase	increase	False	False
USA	United States	usa_wp_only	usa_ap_prn_background	odds_multiplier_pattern_mixture		2.0	4.0	2.0	0.2857142857142857	0.5777525539160046	0.29545454545454547	0.5776643990929705	0.45614035087719296	0.845467745281062	0.30053394355453855	0.5888223877265293	0.29203826820171885	0.28828844417199073	increase	increase	False	False
USA	United States	usa_wp_only	usa_ap_prn_background	odds_multiplier_pattern_mixture		2.0	8.0	3.0	0.2857142857142857	0.5777525539160046	0.29545454545454547	0.5776643990929705	0.45614035087719296	0.9162639091828706	0.30053394355453855	0.5917497590304125	0.29203826820171885	0.29121581547587394	increase	increase	False	False
USA	United States	usa_wp_only	usa_ap_prn_background	odds_multiplier_pattern_mixture		4.0	0.25	2.0	0.2857142857142857	0.5777525539160046	0.29545454545454547	0.5776643990929705	0.6265060240963854	0.25481370342585646	0.3153483499214248	0.5643992608598287	0.29203826820171885	0.24905091093840392	increase	increase	False	False
USA	United States	usa_wp_only	usa_ap_prn_background	odds_multiplier_pattern_mixture		4.0	0.5	2.0	0.2857142857142857	0.5777525539160046	0.29545454545454547	0.5776643990929705	0.6265060240963854	0.40613790354723	0.3153483499214248	0.5706564095046732	0.29203826820171885	0.2553080595832484	increase	increase	False	False
USA	United States	usa_wp_only	usa_ap_prn_background	odds_multiplier_pattern_mixture		4.0	1.0	2.0	0.2857142857142857	0.5777525539160046	0.29545454545454547	0.5776643990929705	0.6265060240963854	0.5776643990929705	0.3153483499214248	0.5777489087764232	0.29203826820171885	0.26240055885499836	increase	increase	False	False
USA	United States	usa_wp_only	usa_ap_prn_background	odds_multiplier_pattern_mixture		4.0	2.0	2.0	0.2857142857142857	0.5777525539160046	0.29545454545454547	0.5776643990929705	0.6265060240963854	0.732303269852677	0.3153483499214248	0.5841431167077277	0.29203826820171885	0.2687947667863029	increase	increase	False	False
USA	United States	usa_wp_only	usa_ap_prn_background	odds_multiplier_pattern_mixture		4.0	4.0	2.0	0.2857142857142857	0.5777525539160046	0.29545454545454547	0.5776643990929705	0.6265060240963854	0.845467745281062	0.3153483499214248	0.5888223877265293	0.29203826820171885	0.2734740378051045	increase	increase	False	False
USA	United States	usa_wp_only	usa_ap_prn_background	odds_multiplier_pattern_mixture		4.0	8.0	3.0	0.2857142857142857	0.5777525539160046	0.29545454545454547	0.5776643990929705	0.6265060240963854	0.9162639091828706	0.3153483499214248	0.5917497590304125	0.29203826820171885	0.2764014091089877	increase	increase	False	False
USA	United States	usa_wp_only	usa_ap_prn_background	odds_multiplier_pattern_mixture		8.0	0.25	3.0	0.2857142857142857	0.5777525539160046	0.29545454545454547	0.5776643990929705	0.7703703703703703	0.25481370342585646	0.32785829307568437	0.5643992608598287	0.29203826820171885	0.23654096778414435	increase	increase	False	False
USA	United States	usa_wp_only	usa_ap_prn_background	odds_multiplier_pattern_mixture		8.0	0.5	3.0	0.2857142857142857	0.5777525539160046	0.29545454545454547	0.5776643990929705	0.7703703703703703	0.40613790354723	0.32785829307568437	0.5706564095046732	0.29203826820171885	0.24279811642898885	increase	increase	False	False
USA	United States	usa_wp_only	usa_ap_prn_background	odds_multiplier_pattern_mixture		8.0	1.0	3.0	0.2857142857142857	0.5777525539160046	0.29545454545454547	0.5776643990929705	0.7703703703703703	0.5776643990929705	0.32785829307568437	0.5777489087764232	0.29203826820171885	0.24989061570073878	increase	increase	False	False
USA	United States	usa_wp_only	usa_ap_prn_background	odds_multiplier_pattern_mixture		8.0	2.0	3.0	0.2857142857142857	0.5777525539160046	0.29545454545454547	0.5776643990929705	0.7703703703703703	0.732303269852677	0.32785829307568437	0.5841431167077277	0.29203826820171885	0.2562848236320433	increase	increase	False	False
USA	United States	usa_wp_only	usa_ap_prn_background	odds_multiplier_pattern_mixture		8.0	4.0	3.0	0.2857142857142857	0.5777525539160046	0.29545454545454547	0.5776643990929705	0.7703703703703703	0.845467745281062	0.32785829307568437	0.5888223877265293	0.29203826820171885	0.2609640946508449	increase	increase	False	False
USA	United States	usa_wp_only	usa_ap_prn_background	odds_multiplier_pattern_mixture		8.0	8.0	3.0	0.2857142857142857	0.5777525539160046	0.29545454545454547	0.5776643990929705	0.7703703703703703	0.9162639091828706	0.32785829307568437	0.5917497590304125	0.29203826820171885	0.2638914659547281	increase	increase	False	False
